2-83538.jpeg,2
g-38792.jpeg,g
j-93218.jpeg,j
1-79591.jpeg,1
e-56685.jpeg,e
6-18318.jpeg,6
m-46562.jpeg,m
8-67293.jpeg,8
q-37256.jpeg,q
a-78602.jpeg,a
0-48322.jpeg,0
7-97956.jpeg,7
f-282.jpeg,f
0-82437.jpeg,0
v-50858.jpeg,v
i-68766.jpeg,i
s-43465.jpeg,s
0-23545.jpeg,0
d-81836.jpeg,d
5-41641.jpeg,5
x-77587.jpeg,x
7-89732.jpeg,7
j-87037.jpeg,j
s-26565.jpeg,s
c-65954.jpeg,c
a-89928.jpeg,a
0-42810.jpeg,0
9-62743.jpeg,9
r-22562.jpeg,r
1-30287.jpeg,1
x-28129.jpeg,x
c-40964.jpeg,c
v-49792.jpeg,v
4-89253.jpeg,4
e-97621.jpeg,e
2-16791.jpeg,2
l-74816.jpeg,l
t-39731.jpeg,t
e-18482.jpeg,e
x-72101.jpeg,x
2-87890.jpeg,2
g-26364.jpeg,g
v-4680.jpeg,v
g-73282.jpeg,g
u-45454.jpeg,u
c-93046.jpeg,c
8-42866.jpeg,8
d-15077.jpeg,d
w-61183.jpeg,w
e-55292.jpeg,e
5-34716.jpeg,5
q-2616.jpeg,q
j-87430.jpeg,j
u-61672.jpeg,u
r-27672.jpeg,r
i-33333.jpeg,i
z-86664.jpeg,z
v-67156.jpeg,v
n-23103.jpeg,n
7-67485.jpeg,7
q-52881.jpeg,q
g-76346.jpeg,g
k-16299.jpeg,k
j-42195.jpeg,j
h-38868.jpeg,h
g-1540.jpeg,g
5-44101.jpeg,5
s-2034.jpeg,s
8-69059.jpeg,8
7-16529.jpeg,7
z-80460.jpeg,z
3-23462.jpeg,3
d-67831.jpeg,d
z-56356.jpeg,z
9-79637.jpeg,9
2-18633.jpeg,2
9-40809.jpeg,9
o-83632.jpeg,o
x-70983.jpeg,x
t-37386.jpeg,t
q-78656.jpeg,q
0-66231.jpeg,0
x-76504.jpeg,x
x-22359.jpeg,x
1-3798.jpeg,1
l-27977.jpeg,l
g-93869.jpeg,g
m-72569.jpeg,m
5-22457.jpeg,5
o-87364.jpeg,o
v-10587.jpeg,v
9-77916.jpeg,9
m-82414.jpeg,m
7-92996.jpeg,7
3-48710.jpeg,3
s-59479.jpeg,s
5-67698.jpeg,5
v-34871.jpeg,v
x-98037.jpeg,x
n-94275.jpeg,n
h-43960.jpeg,h
5-71609.jpeg,5
u-89846.jpeg,u
7-1993.jpeg,7
p-67764.jpeg,p
b-94102.jpeg,b
8-98959.jpeg,8
q-54105.jpeg,q
i-27223.jpeg,i
0-38173.jpeg,0
e-78.jpeg,e
u-47097.jpeg,u
9-57732.jpeg,9
3-27476.jpeg,3
8-13594.jpeg,8
q-34529.jpeg,q
e-26968.jpeg,e
5-45881.jpeg,5
b-77741.jpeg,b
j-31696.jpeg,j
x-283.jpeg,x
o-30546.jpeg,o
g-79764.jpeg,g
7-19388.jpeg,7
o-9962.jpeg,o
h-14100.jpeg,h
z-79784.jpeg,z
v-9270.jpeg,v
i-53973.jpeg,i
8-49011.jpeg,8
h-69963.jpeg,h
c-88132.jpeg,c
6-80054.jpeg,6
8-31373.jpeg,8
g-31663.jpeg,g
0-84326.jpeg,0
j-37484.jpeg,j
7-59980.jpeg,7
m-76711.jpeg,m
n-73619.jpeg,n
s-16080.jpeg,s
g-9561.jpeg,g
l-54331.jpeg,l
q-47990.jpeg,q
e-52214.jpeg,e
m-77747.jpeg,m
d-9373.jpeg,d
s-33073.jpeg,s
1-4071.jpeg,1
r-36370.jpeg,r
8-82247.jpeg,8
s-36621.jpeg,s
i-13880.jpeg,i
l-29553.jpeg,l
3-24671.jpeg,3
p-2372.jpeg,p
r-16683.jpeg,r
m-80540.jpeg,m
a-81476.jpeg,a
y-12504.jpeg,y
1-25841.jpeg,1
k-79604.jpeg,k
v-37637.jpeg,v
5-52515.jpeg,5
j-5020.jpeg,j
b-90497.jpeg,b
r-13602.jpeg,r
d-25414.jpeg,d
e-88278.jpeg,e
9-63580.jpeg,9
4-88244.jpeg,4
7-14938.jpeg,7
f-85310.jpeg,f
1-3537.jpeg,1
p-60961.jpeg,p
l-67095.jpeg,l
d-3904.jpeg,d
3-13943.jpeg,3
a-24455.jpeg,a
z-18038.jpeg,z
4-18596.jpeg,4
6-42424.jpeg,6
r-47264.jpeg,r
n-14837.jpeg,n
b-42423.jpeg,b
r-69336.jpeg,r
9-76940.jpeg,9
m-13144.jpeg,m
s-57220.jpeg,s
g-66901.jpeg,g
a-13663.jpeg,a
n-1123.jpeg,n
z-47496.jpeg,z
z-63433.jpeg,z
2-6672.jpeg,2
u-27839.jpeg,u
g-46267.jpeg,g
4-66409.jpeg,4
i-7859.jpeg,i
6-99259.jpeg,6
9-65950.jpeg,9
a-74532.jpeg,a
r-92407.jpeg,r
y-14192.jpeg,y
u-34653.jpeg,u
v-59439.jpeg,v
7-69233.jpeg,7
u-14973.jpeg,u
w-58915.jpeg,w
4-2112.jpeg,4
z-50650.jpeg,z
p-86823.jpeg,p
u-93749.jpeg,u
0-7987.jpeg,0
c-74406.jpeg,c
3-15478.jpeg,3
2-87042.jpeg,2
m-91193.jpeg,m
4-98593.jpeg,4
z-5384.jpeg,z
z-35615.jpeg,z
r-16292.jpeg,r
u-14836.jpeg,u
r-8409.jpeg,r
a-74932.jpeg,a
g-18021.jpeg,g
4-59219.jpeg,4
7-1507.jpeg,7
8-96183.jpeg,8
2-53876.jpeg,2
u-56595.jpeg,u
q-81588.jpeg,q
3-9759.jpeg,3
j-46457.jpeg,j
z-7993.jpeg,z
i-66611.jpeg,i
b-9407.jpeg,b
g-36935.jpeg,g
s-72744.jpeg,s
p-42851.jpeg,p
3-36898.jpeg,3
j-44485.jpeg,j
u-63634.jpeg,u
u-98386.jpeg,u
9-79436.jpeg,9
n-47239.jpeg,n
j-21585.jpeg,j
r-82041.jpeg,r
i-54808.jpeg,i
u-90562.jpeg,u
h-21809.jpeg,h
n-31391.jpeg,n
o-65567.jpeg,o
4-52394.jpeg,4
j-17399.jpeg,j
l-83017.jpeg,l
0-24994.jpeg,0
0-75831.jpeg,0
i-60842.jpeg,i
k-16466.jpeg,k
g-49350.jpeg,g
w-60182.jpeg,w
0-18951.jpeg,0
h-57763.jpeg,h
s-75193.jpeg,s
1-99497.jpeg,1
j-60532.jpeg,j
i-16114.jpeg,i
9-81340.jpeg,9
e-67770.jpeg,e
2-65913.jpeg,2
f-86195.jpeg,f
m-85754.jpeg,m
n-13599.jpeg,n
s-67511.jpeg,s
e-36790.jpeg,e
z-78951.jpeg,z
w-98457.jpeg,w
s-26139.jpeg,s
d-34321.jpeg,d
8-81373.jpeg,8
o-38245.jpeg,o
i-63825.jpeg,i
n-77705.jpeg,n
w-53800.jpeg,w
4-89121.jpeg,4
g-87758.jpeg,g
b-43592.jpeg,b
b-41055.jpeg,b
s-43486.jpeg,s
n-70185.jpeg,n
t-48853.jpeg,t
6-82835.jpeg,6
c-72634.jpeg,c
g-75531.jpeg,g
7-12862.jpeg,7
i-36886.jpeg,i
9-5881.jpeg,9
3-35902.jpeg,3
a-2547.jpeg,a
i-55278.jpeg,i
t-38481.jpeg,t
1-6538.jpeg,1
4-91792.jpeg,4
j-20422.jpeg,j
i-53656.jpeg,i
j-2157.jpeg,j
0-90810.jpeg,0
x-14699.jpeg,x
v-66065.jpeg,v
9-13899.jpeg,9
j-41977.jpeg,j
l-76466.jpeg,l
w-18628.jpeg,w
2-19829.jpeg,2
c-34516.jpeg,c
1-77242.jpeg,1
8-75830.jpeg,8
5-91851.jpeg,5
e-48156.jpeg,e
a-70510.jpeg,a
2-78317.jpeg,2
t-44431.jpeg,t
o-28212.jpeg,o
3-47555.jpeg,3
9-9119.jpeg,9
2-89617.jpeg,2
u-87511.jpeg,u
y-73888.jpeg,y
w-7004.jpeg,w
3-36800.jpeg,3
6-1242.jpeg,6
d-35588.jpeg,d
6-43192.jpeg,6
n-12594.jpeg,n
f-38298.jpeg,f
z-51173.jpeg,z
u-89276.jpeg,u
0-51508.jpeg,0
o-67983.jpeg,o
c-34795.jpeg,c
c-35887.jpeg,c
7-65267.jpeg,7
q-29643.jpeg,q
w-17420.jpeg,w
c-35184.jpeg,c
a-25675.jpeg,a
o-49582.jpeg,o
q-27132.jpeg,q
r-35205.jpeg,r
7-40216.jpeg,7
s-89297.jpeg,s
h-21215.jpeg,h
3-56702.jpeg,3
i-49426.jpeg,i
w-1083.jpeg,w
l-47950.jpeg,l
3-10162.jpeg,3
2-27605.jpeg,2
s-88039.jpeg,s
t-25972.jpeg,t
7-34442.jpeg,7
6-62289.jpeg,6
h-40213.jpeg,h
e-15183.jpeg,e
n-93416.jpeg,n
c-18879.jpeg,c
w-45583.jpeg,w
0-20631.jpeg,0
h-66321.jpeg,h
1-38183.jpeg,1
o-79964.jpeg,o
8-29827.jpeg,8
v-49622.jpeg,v
b-22243.jpeg,b
e-95606.jpeg,e
o-68676.jpeg,o
h-13108.jpeg,h
o-46724.jpeg,o
m-51710.jpeg,m
n-61805.jpeg,n
u-90942.jpeg,u
m-98783.jpeg,m
t-25708.jpeg,t
m-3995.jpeg,m
9-32393.jpeg,9
j-60292.jpeg,j
j-38815.jpeg,j
p-60691.jpeg,p
7-6866.jpeg,7
o-43463.jpeg,o
w-72166.jpeg,w
0-88974.jpeg,0
x-55792.jpeg,x
8-8305.jpeg,8
b-25569.jpeg,b
f-58533.jpeg,f
4-63555.jpeg,4
2-6193.jpeg,2
l-12418.jpeg,l
4-58828.jpeg,4
q-4625.jpeg,q
w-94462.jpeg,w
5-61347.jpeg,5
b-55145.jpeg,b
6-94918.jpeg,6
k-4932.jpeg,k
s-53185.jpeg,s
d-70839.jpeg,d
b-59189.jpeg,b
q-27020.jpeg,q
x-30503.jpeg,x
n-34664.jpeg,n
s-59137.jpeg,s
i-42728.jpeg,i
m-94827.jpeg,m
k-59695.jpeg,k
l-25784.jpeg,l
t-3403.jpeg,t
v-14209.jpeg,v
j-5684.jpeg,j
f-5856.jpeg,f
h-7074.jpeg,h
5-96510.jpeg,5
6-95466.jpeg,6
m-8377.jpeg,m
j-2842.jpeg,j
p-70629.jpeg,p
q-61569.jpeg,q
w-8830.jpeg,w
t-89623.jpeg,t
m-48970.jpeg,m
s-10334.jpeg,s
y-74033.jpeg,y
4-30530.jpeg,4
m-99983.jpeg,m
w-51651.jpeg,w
d-92979.jpeg,d
3-51213.jpeg,3
4-55430.jpeg,4
u-12192.jpeg,u
t-28182.jpeg,t
j-67717.jpeg,j
h-35295.jpeg,h
4-25175.jpeg,4
p-48457.jpeg,p
0-72194.jpeg,0
h-94164.jpeg,h
k-24274.jpeg,k
s-74777.jpeg,s
t-19427.jpeg,t
j-95591.jpeg,j
w-24053.jpeg,w
h-2431.jpeg,h
v-84518.jpeg,v
h-70666.jpeg,h
n-55619.jpeg,n
d-94706.jpeg,d
7-56244.jpeg,7
2-8288.jpeg,2
c-78311.jpeg,c
n-40698.jpeg,n
6-39131.jpeg,6
k-53575.jpeg,k
p-3580.jpeg,p
m-19904.jpeg,m
4-68765.jpeg,4
b-92330.jpeg,b
o-2123.jpeg,o
i-16732.jpeg,i
b-32795.jpeg,b
0-84994.jpeg,0
h-39936.jpeg,h
j-82038.jpeg,j
a-36126.jpeg,a
v-56001.jpeg,v
i-78091.jpeg,i
g-85972.jpeg,g
l-88704.jpeg,l
t-53008.jpeg,t
3-70889.jpeg,3
7-10648.jpeg,7
h-18338.jpeg,h
9-72958.jpeg,9
3-80274.jpeg,3
o-13590.jpeg,o
8-88187.jpeg,8
k-76953.jpeg,k
h-34129.jpeg,h
5-4078.jpeg,5
6-81370.jpeg,6
j-25533.jpeg,j
v-12934.jpeg,v
p-76417.jpeg,p
5-94297.jpeg,5
7-7426.jpeg,7
0-1633.jpeg,0
0-87879.jpeg,0
8-43596.jpeg,8
1-26670.jpeg,1
c-52257.jpeg,c
w-76277.jpeg,w
5-64539.jpeg,5
6-61962.jpeg,6
1-25375.jpeg,1
r-56479.jpeg,r
w-84337.jpeg,w
g-8995.jpeg,g
e-4382.jpeg,e
7-57681.jpeg,7
c-20241.jpeg,c
0-59505.jpeg,0
c-58123.jpeg,c
e-92507.jpeg,e
s-82766.jpeg,s
4-54348.jpeg,4
q-11217.jpeg,q
2-44429.jpeg,2
y-34744.jpeg,y
b-22238.jpeg,b
s-17598.jpeg,s
e-93603.jpeg,e
t-49002.jpeg,t
9-35587.jpeg,9
s-38371.jpeg,s
9-42140.jpeg,9
r-58871.jpeg,r
j-15306.jpeg,j
m-91920.jpeg,m
q-17793.jpeg,q
2-60875.jpeg,2
n-34561.jpeg,n
4-73304.jpeg,4
m-61518.jpeg,m
p-18208.jpeg,p
4-78118.jpeg,4
l-67467.jpeg,l
b-33346.jpeg,b
h-68702.jpeg,h
1-81013.jpeg,1
g-16526.jpeg,g
4-95968.jpeg,4
k-73301.jpeg,k
o-28793.jpeg,o
h-55210.jpeg,h
z-14001.jpeg,z
r-21801.jpeg,r
b-38766.jpeg,b
w-85863.jpeg,w
n-77953.jpeg,n
n-41532.jpeg,n
y-35006.jpeg,y
p-28082.jpeg,p
n-55571.jpeg,n
8-27854.jpeg,8
r-86798.jpeg,r
j-26889.jpeg,j
5-74743.jpeg,5
m-21185.jpeg,m
o-71969.jpeg,o
i-78879.jpeg,i
o-70381.jpeg,o
c-27087.jpeg,c
j-12986.jpeg,j
d-54263.jpeg,d
t-23035.jpeg,t
4-50960.jpeg,4
x-60370.jpeg,x
p-95491.jpeg,p
z-72146.jpeg,z
d-77387.jpeg,d
o-58583.jpeg,o
o-54959.jpeg,o
g-35704.jpeg,g
0-64955.jpeg,0
y-81264.jpeg,y
g-49999.jpeg,g
z-82607.jpeg,z
z-61785.jpeg,z
y-34093.jpeg,y
k-6431.jpeg,k
f-38871.jpeg,f
9-22595.jpeg,9
5-43172.jpeg,5
o-8538.jpeg,o
1-73104.jpeg,1
t-24573.jpeg,t
s-68484.jpeg,s
2-36757.jpeg,2
l-13008.jpeg,l
g-64422.jpeg,g
y-27980.jpeg,y
n-80579.jpeg,n
8-53611.jpeg,8
c-76898.jpeg,c
9-23106.jpeg,9
1-51977.jpeg,1
i-58826.jpeg,i
7-23580.jpeg,7
s-46168.jpeg,s
z-32535.jpeg,z
4-70657.jpeg,4
q-59583.jpeg,q
s-91389.jpeg,s
0-85941.jpeg,0
5-21020.jpeg,5
j-59202.jpeg,j
2-31210.jpeg,2
3-46386.jpeg,3
g-53880.jpeg,g
s-98901.jpeg,s
m-8032.jpeg,m
f-42739.jpeg,f
5-89959.jpeg,5
x-79853.jpeg,x
z-94228.jpeg,z
u-27199.jpeg,u
9-26187.jpeg,9
2-28524.jpeg,2
v-60718.jpeg,v
r-60788.jpeg,r
e-7043.jpeg,e
4-32166.jpeg,4
y-17526.jpeg,y
7-77220.jpeg,7
w-37516.jpeg,w
m-85831.jpeg,m
c-19584.jpeg,c
5-11212.jpeg,5
a-11645.jpeg,a
1-11282.jpeg,1
3-66767.jpeg,3
j-50074.jpeg,j
6-47001.jpeg,6
4-64993.jpeg,4
l-43990.jpeg,l
f-82925.jpeg,f
1-99834.jpeg,1
0-42562.jpeg,0
9-33297.jpeg,9
x-71167.jpeg,x
d-99932.jpeg,d
2-27239.jpeg,2
l-52397.jpeg,l
b-43550.jpeg,b
8-54244.jpeg,8
y-86148.jpeg,y
i-42206.jpeg,i
k-8316.jpeg,k
d-16841.jpeg,d
f-11875.jpeg,f
d-54331.jpeg,d
e-97704.jpeg,e
x-57385.jpeg,x
z-42676.jpeg,z
q-59487.jpeg,q
f-57346.jpeg,f
o-89249.jpeg,o
6-37895.jpeg,6
r-62062.jpeg,r
s-97836.jpeg,s
0-98518.jpeg,0
2-42905.jpeg,2
b-18282.jpeg,b
w-89912.jpeg,w
z-87279.jpeg,z
c-50904.jpeg,c
6-72420.jpeg,6
h-33897.jpeg,h
9-98204.jpeg,9
l-81089.jpeg,l
w-63998.jpeg,w
r-4718.jpeg,r
3-39760.jpeg,3
v-82025.jpeg,v
a-7457.jpeg,a
r-67149.jpeg,r
z-38745.jpeg,z
h-38808.jpeg,h
b-75161.jpeg,b
2-29661.jpeg,2
t-39028.jpeg,t
t-8798.jpeg,t
a-66851.jpeg,a
4-91195.jpeg,4
i-61570.jpeg,i
t-22371.jpeg,t
8-59933.jpeg,8
o-87892.jpeg,o
j-4684.jpeg,j
p-11205.jpeg,p
k-35608.jpeg,k
q-32034.jpeg,q
1-95339.jpeg,1
e-86512.jpeg,e
h-55600.jpeg,h
g-69342.jpeg,g
m-98254.jpeg,m
c-44910.jpeg,c
x-44842.jpeg,x
y-99839.jpeg,y
t-41034.jpeg,t
w-26203.jpeg,w
h-26791.jpeg,h
p-9499.jpeg,p
n-21735.jpeg,n
2-64860.jpeg,2
h-17536.jpeg,h
r-57951.jpeg,r
l-63034.jpeg,l
g-1127.jpeg,g
z-49651.jpeg,z
7-69910.jpeg,7
x-79146.jpeg,x
r-75820.jpeg,r
3-33290.jpeg,3
r-85377.jpeg,r
4-48444.jpeg,4
0-90256.jpeg,0
9-50347.jpeg,9
h-6473.jpeg,h
4-66900.jpeg,4
x-70388.jpeg,x
r-59559.jpeg,r
8-19229.jpeg,8
k-76143.jpeg,k
v-42385.jpeg,v
f-45212.jpeg,f
b-468.jpeg,b
6-83419.jpeg,6
b-99910.jpeg,b
1-47821.jpeg,1
k-28554.jpeg,k
1-67594.jpeg,1
g-77798.jpeg,g
r-15523.jpeg,r
5-45475.jpeg,5
z-65895.jpeg,z
a-94878.jpeg,a
e-54709.jpeg,e
2-89987.jpeg,2
j-70694.jpeg,j
h-19945.jpeg,h
g-333.jpeg,g
y-10723.jpeg,y
t-57877.jpeg,t
h-73319.jpeg,h
3-63363.jpeg,3
f-70019.jpeg,f
8-24605.jpeg,8
g-37539.jpeg,g
c-89057.jpeg,c
d-15742.jpeg,d
a-75928.jpeg,a
v-59361.jpeg,v
o-17842.jpeg,o
s-20500.jpeg,s
1-77652.jpeg,1
2-39358.jpeg,2
2-46655.jpeg,2
i-99292.jpeg,i
o-34621.jpeg,o
t-3814.jpeg,t
v-81760.jpeg,v
z-29894.jpeg,z
m-20890.jpeg,m
l-69157.jpeg,l
7-5573.jpeg,7
e-21873.jpeg,e
2-32001.jpeg,2
r-93722.jpeg,r
2-68642.jpeg,2
o-11754.jpeg,o
m-82675.jpeg,m
c-23552.jpeg,c
d-74343.jpeg,d
h-13109.jpeg,h
j-10484.jpeg,j
d-2908.jpeg,d
n-67483.jpeg,n
t-26826.jpeg,t
l-61249.jpeg,l
p-33358.jpeg,p
v-33439.jpeg,v
u-23699.jpeg,u
m-48926.jpeg,m
5-60500.jpeg,5
4-93583.jpeg,4
0-6163.jpeg,0
s-96026.jpeg,s
r-82164.jpeg,r
s-51802.jpeg,s
v-77458.jpeg,v
l-56706.jpeg,l
f-6056.jpeg,f
f-98016.jpeg,f
i-7356.jpeg,i
9-31951.jpeg,9
y-51628.jpeg,y
p-50725.jpeg,p
0-52630.jpeg,0
v-83989.jpeg,v
1-23388.jpeg,1
c-34281.jpeg,c
q-41936.jpeg,q
2-33128.jpeg,2
8-52492.jpeg,8
9-71359.jpeg,9
t-21619.jpeg,t
s-65624.jpeg,s
5-54730.jpeg,5
y-14721.jpeg,y
0-41509.jpeg,0
j-2414.jpeg,j
3-50911.jpeg,3
a-70141.jpeg,a
k-42076.jpeg,k
v-71575.jpeg,v
3-8978.jpeg,3
d-16656.jpeg,d
w-99210.jpeg,w
b-5147.jpeg,b
z-68423.jpeg,z
b-3139.jpeg,b
5-74105.jpeg,5
1-39156.jpeg,1
z-28.jpeg,z
0-52519.jpeg,0
a-13879.jpeg,a
i-5042.jpeg,i
9-42655.jpeg,9
n-43719.jpeg,n
u-10229.jpeg,u
k-11551.jpeg,k
8-34078.jpeg,8
p-75742.jpeg,p
o-46949.jpeg,o
o-38182.jpeg,o
j-59500.jpeg,j
9-44105.jpeg,9
s-73748.jpeg,s
h-27047.jpeg,h
v-44050.jpeg,v
3-17872.jpeg,3
i-40581.jpeg,i
2-21142.jpeg,2
7-11035.jpeg,7
p-67401.jpeg,p
b-8958.jpeg,b
1-43462.jpeg,1
6-95534.jpeg,6
z-1309.jpeg,z
5-7053.jpeg,5
a-38441.jpeg,a
r-85176.jpeg,r
q-13704.jpeg,q
h-74560.jpeg,h
y-59023.jpeg,y
b-59171.jpeg,b
e-91469.jpeg,e
0-46018.jpeg,0
c-69995.jpeg,c
s-26991.jpeg,s
7-18078.jpeg,7
f-84832.jpeg,f
5-47262.jpeg,5
8-16918.jpeg,8
8-74324.jpeg,8
k-44819.jpeg,k
r-80548.jpeg,r
v-71037.jpeg,v
g-33700.jpeg,g
q-38792.jpeg,q
3-18904.jpeg,3
f-98407.jpeg,f
v-37207.jpeg,v
e-34734.jpeg,e
w-88840.jpeg,w
r-83734.jpeg,r
w-69506.jpeg,w
k-87584.jpeg,k
p-88754.jpeg,p
q-93019.jpeg,q
i-83611.jpeg,i
x-54622.jpeg,x
w-68360.jpeg,w
m-96483.jpeg,m
f-96194.jpeg,f
u-21554.jpeg,u
r-73147.jpeg,r
w-22489.jpeg,w
1-14258.jpeg,1
k-19004.jpeg,k
f-33699.jpeg,f
y-79548.jpeg,y
g-98967.jpeg,g
x-52719.jpeg,x
i-67810.jpeg,i
0-46595.jpeg,0
d-57383.jpeg,d
e-82232.jpeg,e
2-49938.jpeg,2
8-43889.jpeg,8
z-30154.jpeg,z
q-91618.jpeg,q
q-96077.jpeg,q
a-77974.jpeg,a
k-67031.jpeg,k
x-53364.jpeg,x
9-92644.jpeg,9
c-89489.jpeg,c
l-75729.jpeg,l
6-83881.jpeg,6
x-58528.jpeg,x
2-25208.jpeg,2
6-34523.jpeg,6
s-34430.jpeg,s
t-59760.jpeg,t
o-37484.jpeg,o
t-13573.jpeg,t
l-88932.jpeg,l
y-70381.jpeg,y
i-40372.jpeg,i
s-51475.jpeg,s
e-3775.jpeg,e
q-10221.jpeg,q
x-90191.jpeg,x
r-92410.jpeg,r
f-89373.jpeg,f
m-26421.jpeg,m
w-19761.jpeg,w
2-46233.jpeg,2
w-64482.jpeg,w
g-62810.jpeg,g
f-60886.jpeg,f
r-81545.jpeg,r
a-69897.jpeg,a
l-86613.jpeg,l
g-86304.jpeg,g
5-45156.jpeg,5
f-65387.jpeg,f
8-39001.jpeg,8
n-78652.jpeg,n
k-53186.jpeg,k
q-84158.jpeg,q
r-13838.jpeg,r
6-46535.jpeg,6
l-75284.jpeg,l
e-5834.jpeg,e
u-18547.jpeg,u
r-90641.jpeg,r
b-14741.jpeg,b
d-46603.jpeg,d
1-51869.jpeg,1
d-73222.jpeg,d
x-66712.jpeg,x
a-91070.jpeg,a
i-37609.jpeg,i
l-64600.jpeg,l
b-63810.jpeg,b
9-28091.jpeg,9
9-65117.jpeg,9
k-11530.jpeg,k
i-58754.jpeg,i
o-19485.jpeg,o
e-97071.jpeg,e
n-45213.jpeg,n
6-6508.jpeg,6
x-38954.jpeg,x
m-71016.jpeg,m
v-32176.jpeg,v
t-55610.jpeg,t
5-10675.jpeg,5
s-21761.jpeg,s
f-29955.jpeg,f
h-17582.jpeg,h
w-12642.jpeg,w
c-95404.jpeg,c
0-47845.jpeg,0
k-39670.jpeg,k
v-75384.jpeg,v
u-9822.jpeg,u
i-11557.jpeg,i
h-91853.jpeg,h
x-6722.jpeg,x
9-72001.jpeg,9
t-9756.jpeg,t
h-82639.jpeg,h
b-79637.jpeg,b
t-89439.jpeg,t
b-76716.jpeg,b
2-26936.jpeg,2
1-50940.jpeg,1
r-72310.jpeg,r
v-11704.jpeg,v
3-86591.jpeg,3
m-43833.jpeg,m
n-72834.jpeg,n
s-4837.jpeg,s
3-53521.jpeg,3
z-9922.jpeg,z
3-93639.jpeg,3
f-10415.jpeg,f
8-79577.jpeg,8
t-37128.jpeg,t
q-5691.jpeg,q
l-21924.jpeg,l
v-18749.jpeg,v
b-79725.jpeg,b
0-95234.jpeg,0
u-75489.jpeg,u
c-87194.jpeg,c
y-49691.jpeg,y
4-181.jpeg,4
q-95708.jpeg,q
5-28831.jpeg,5
3-58101.jpeg,3
l-45673.jpeg,l
k-82773.jpeg,k
d-68507.jpeg,d
z-27185.jpeg,z
x-89220.jpeg,x
a-82365.jpeg,a
a-99483.jpeg,a
s-81307.jpeg,s
n-34686.jpeg,n
n-18213.jpeg,n
b-79027.jpeg,b
a-89483.jpeg,a
g-24899.jpeg,g
x-2521.jpeg,x
8-5644.jpeg,8
f-65094.jpeg,f
0-39919.jpeg,0
r-28482.jpeg,r
r-46634.jpeg,r
y-37260.jpeg,y
o-66848.jpeg,o
5-28260.jpeg,5
8-10839.jpeg,8
2-35398.jpeg,2
s-98063.jpeg,s
5-78757.jpeg,5
f-80304.jpeg,f
x-71278.jpeg,x
f-27121.jpeg,f
b-16316.jpeg,b
8-4239.jpeg,8
v-40459.jpeg,v
p-49549.jpeg,p
n-32882.jpeg,n
j-57441.jpeg,j
k-14821.jpeg,k
a-21380.jpeg,a
r-39505.jpeg,r
a-48427.jpeg,a
o-31881.jpeg,o
r-9448.jpeg,r
d-75362.jpeg,d
u-99902.jpeg,u
u-51729.jpeg,u
x-92591.jpeg,x
d-91175.jpeg,d
p-18287.jpeg,p
o-60477.jpeg,o
m-75184.jpeg,m
5-71608.jpeg,5
c-1339.jpeg,c
k-44507.jpeg,k
h-10953.jpeg,h
g-35733.jpeg,g
n-89915.jpeg,n
h-56630.jpeg,h
d-31929.jpeg,d
4-72575.jpeg,4
l-96412.jpeg,l
g-85729.jpeg,g
d-59962.jpeg,d
b-54562.jpeg,b
e-99628.jpeg,e
s-21576.jpeg,s
n-49477.jpeg,n
6-48116.jpeg,6
h-10683.jpeg,h
w-83892.jpeg,w
i-11890.jpeg,i
a-4826.jpeg,a
q-95724.jpeg,q
r-44577.jpeg,r
9-71656.jpeg,9
e-82988.jpeg,e
j-34991.jpeg,j
s-99019.jpeg,s
r-67352.jpeg,r
3-1169.jpeg,3
x-83103.jpeg,x
k-71075.jpeg,k
l-48578.jpeg,l
7-87916.jpeg,7
v-50818.jpeg,v
n-18497.jpeg,n
0-76230.jpeg,0
p-5475.jpeg,p
y-51448.jpeg,y
z-54813.jpeg,z
4-76465.jpeg,4
h-38185.jpeg,h
u-68002.jpeg,u
7-77484.jpeg,7
v-40224.jpeg,v
v-63544.jpeg,v
f-88149.jpeg,f
g-87217.jpeg,g
d-89553.jpeg,d
b-91252.jpeg,b
0-95062.jpeg,0
q-19094.jpeg,q
5-95059.jpeg,5
w-20532.jpeg,w
0-85062.jpeg,0
q-93465.jpeg,q
9-66756.jpeg,9
h-94850.jpeg,h
g-51464.jpeg,g
z-72864.jpeg,z
h-44498.jpeg,h
y-58055.jpeg,y
p-16519.jpeg,p
c-15929.jpeg,c
f-83139.jpeg,f
h-77252.jpeg,h
2-48190.jpeg,2
o-5794.jpeg,o
v-77291.jpeg,v
c-51227.jpeg,c
s-5436.jpeg,s
v-84606.jpeg,v
g-24708.jpeg,g
3-95554.jpeg,3
h-63704.jpeg,h
h-60082.jpeg,h
r-42909.jpeg,r
q-83259.jpeg,q
r-39114.jpeg,r
1-2937.jpeg,1
e-54085.jpeg,e
i-47927.jpeg,i
2-12442.jpeg,2
f-5288.jpeg,f
s-87695.jpeg,s
6-12128.jpeg,6
3-87617.jpeg,3
a-13064.jpeg,a
p-77661.jpeg,p
t-32717.jpeg,t
w-45170.jpeg,w
t-58018.jpeg,t
e-22316.jpeg,e
d-55280.jpeg,d
t-52100.jpeg,t
8-28903.jpeg,8
y-92594.jpeg,y
i-94906.jpeg,i
7-9819.jpeg,7
e-52917.jpeg,e
j-24745.jpeg,j
c-65406.jpeg,c
8-62213.jpeg,8
2-93610.jpeg,2
6-45335.jpeg,6
h-6384.jpeg,h
v-49394.jpeg,v
c-80779.jpeg,c
t-9296.jpeg,t
5-14460.jpeg,5
f-80742.jpeg,f
8-82381.jpeg,8
z-26501.jpeg,z
m-46426.jpeg,m
3-70806.jpeg,3
a-32040.jpeg,a
b-26759.jpeg,b
9-39985.jpeg,9
k-70507.jpeg,k
i-91349.jpeg,i
7-50251.jpeg,7
r-45510.jpeg,r
1-95979.jpeg,1
5-36263.jpeg,5
0-12357.jpeg,0
x-28820.jpeg,x
y-98038.jpeg,y
4-56963.jpeg,4
a-9927.jpeg,a
7-16827.jpeg,7
9-75825.jpeg,9
w-53693.jpeg,w
o-68631.jpeg,o
n-12896.jpeg,n
t-83681.jpeg,t
m-18368.jpeg,m
r-40987.jpeg,r
p-84091.jpeg,p
5-20972.jpeg,5
3-85508.jpeg,3
6-64176.jpeg,6
a-76246.jpeg,a
b-97159.jpeg,b
y-12888.jpeg,y
y-45050.jpeg,y
6-31244.jpeg,6
f-91363.jpeg,f
b-55552.jpeg,b
c-31712.jpeg,c
5-83493.jpeg,5
l-31780.jpeg,l
c-62665.jpeg,c
7-28888.jpeg,7
j-10616.jpeg,j
9-4392.jpeg,9
k-66312.jpeg,k
f-72824.jpeg,f
f-82689.jpeg,f
w-9765.jpeg,w
r-29959.jpeg,r
w-81918.jpeg,w
0-81303.jpeg,0
o-36066.jpeg,o
a-24824.jpeg,a
g-40157.jpeg,g
n-20549.jpeg,n
x-84321.jpeg,x
f-59762.jpeg,f
g-48422.jpeg,g
l-7718.jpeg,l
5-74381.jpeg,5
z-49050.jpeg,z
b-33854.jpeg,b
y-70934.jpeg,y
n-23220.jpeg,n
q-81795.jpeg,q
8-81908.jpeg,8
8-31284.jpeg,8
z-26232.jpeg,z
3-94421.jpeg,3
8-61863.jpeg,8
8-99704.jpeg,8
m-81232.jpeg,m
j-46575.jpeg,j
j-10315.jpeg,j
w-78214.jpeg,w
r-21610.jpeg,r
4-37861.jpeg,4
e-62112.jpeg,e
j-36362.jpeg,j
7-50705.jpeg,7
z-77728.jpeg,z
z-38739.jpeg,z
x-16899.jpeg,x
z-62879.jpeg,z
8-62609.jpeg,8
h-33691.jpeg,h
1-42059.jpeg,1
5-50277.jpeg,5
w-9773.jpeg,w
t-56670.jpeg,t
w-88693.jpeg,w
y-23910.jpeg,y
k-35273.jpeg,k
o-64716.jpeg,o
2-97926.jpeg,2
g-50907.jpeg,g
1-85312.jpeg,1
4-58603.jpeg,4
m-44902.jpeg,m
s-86563.jpeg,s
g-36905.jpeg,g
6-17767.jpeg,6
j-27932.jpeg,j
1-47719.jpeg,1
x-22187.jpeg,x
y-31700.jpeg,y
z-81555.jpeg,z
q-69626.jpeg,q
4-14655.jpeg,4
g-22550.jpeg,g
o-44932.jpeg,o
9-94125.jpeg,9
2-64236.jpeg,2
4-27565.jpeg,4
9-97709.jpeg,9
d-81715.jpeg,d
1-69077.jpeg,1
m-34641.jpeg,m
5-2305.jpeg,5
s-60876.jpeg,s
9-76966.jpeg,9
n-10444.jpeg,n
4-99648.jpeg,4
1-82480.jpeg,1
1-52798.jpeg,1
8-58523.jpeg,8
k-3571.jpeg,k
j-38517.jpeg,j
8-55311.jpeg,8
7-4559.jpeg,7
l-31407.jpeg,l
p-4238.jpeg,p
z-54623.jpeg,z
g-96088.jpeg,g
c-80066.jpeg,c
2-69886.jpeg,2
j-31872.jpeg,j
s-88443.jpeg,s
e-68860.jpeg,e
u-12679.jpeg,u
c-24195.jpeg,c
c-4059.jpeg,c
n-36331.jpeg,n
0-42898.jpeg,0
i-96818.jpeg,i
w-35214.jpeg,w
x-31380.jpeg,x
j-25974.jpeg,j
9-8734.jpeg,9
f-34511.jpeg,f
5-14810.jpeg,5
g-48048.jpeg,g
n-67017.jpeg,n
r-21515.jpeg,r
f-31969.jpeg,f
c-16288.jpeg,c
c-38620.jpeg,c
p-96868.jpeg,p
b-17598.jpeg,b
6-76576.jpeg,6
2-36252.jpeg,2
0-28944.jpeg,0
6-48977.jpeg,6
6-41255.jpeg,6
6-33185.jpeg,6
3-80622.jpeg,3
q-53465.jpeg,q
z-90016.jpeg,z
o-65594.jpeg,o
d-62746.jpeg,d
4-24918.jpeg,4
8-59172.jpeg,8
4-15592.jpeg,4
z-39503.jpeg,z
z-1158.jpeg,z
y-68606.jpeg,y
n-60910.jpeg,n
p-59647.jpeg,p
x-7211.jpeg,x
2-47829.jpeg,2
t-27932.jpeg,t
c-6875.jpeg,c
i-33641.jpeg,i
4-48044.jpeg,4
1-42537.jpeg,1
2-57595.jpeg,2
w-31650.jpeg,w
j-98608.jpeg,j
c-74699.jpeg,c
w-4356.jpeg,w
4-58802.jpeg,4
y-7935.jpeg,y
e-68071.jpeg,e
j-67253.jpeg,j
v-26094.jpeg,v
w-5547.jpeg,w
x-41606.jpeg,x
3-6326.jpeg,3
h-66833.jpeg,h
b-34305.jpeg,b
c-76077.jpeg,c
v-12748.jpeg,v
a-93380.jpeg,a
q-15747.jpeg,q
v-13509.jpeg,v
1-45972.jpeg,1
2-11526.jpeg,2
b-70108.jpeg,b
f-69213.jpeg,f
y-95149.jpeg,y
9-70467.jpeg,9
8-91123.jpeg,8
v-88356.jpeg,v
2-39670.jpeg,2
3-34513.jpeg,3
3-62373.jpeg,3
j-91829.jpeg,j
h-75566.jpeg,h
4-85082.jpeg,4
p-58410.jpeg,p
g-53079.jpeg,g
t-39469.jpeg,t
y-78305.jpeg,y
2-63526.jpeg,2
p-76057.jpeg,p
t-73695.jpeg,t
f-58221.jpeg,f
6-4178.jpeg,6
7-91774.jpeg,7
d-29539.jpeg,d
7-9078.jpeg,7
v-52639.jpeg,v
b-98280.jpeg,b
6-42592.jpeg,6
g-44929.jpeg,g
u-41036.jpeg,u
c-62921.jpeg,c
p-89725.jpeg,p
3-57601.jpeg,3
j-97338.jpeg,j
a-63068.jpeg,a
k-47121.jpeg,k
p-90441.jpeg,p
g-27441.jpeg,g
s-20751.jpeg,s
0-45189.jpeg,0
y-13077.jpeg,y
0-80093.jpeg,0
x-98142.jpeg,x
u-97868.jpeg,u
j-60168.jpeg,j
c-23216.jpeg,c
7-11360.jpeg,7
p-28745.jpeg,p
g-12922.jpeg,g
0-68589.jpeg,0
j-30776.jpeg,j
y-85671.jpeg,y
r-79054.jpeg,r
b-11289.jpeg,b
4-25020.jpeg,4
g-66675.jpeg,g
l-51011.jpeg,l
a-10792.jpeg,a
6-69416.jpeg,6
a-42918.jpeg,a
w-59573.jpeg,w
5-55223.jpeg,5
w-95998.jpeg,w
d-96951.jpeg,d
q-30448.jpeg,q
p-69176.jpeg,p
1-77511.jpeg,1
5-69435.jpeg,5
i-94219.jpeg,i
j-47077.jpeg,j
7-17871.jpeg,7
9-6415.jpeg,9
j-33766.jpeg,j
e-96153.jpeg,e
z-43534.jpeg,z
v-45797.jpeg,v
h-25905.jpeg,h
6-89584.jpeg,6
i-37090.jpeg,i
k-18022.jpeg,k
0-67105.jpeg,0
1-59156.jpeg,1
9-60076.jpeg,9
z-75056.jpeg,z
4-65901.jpeg,4
q-82879.jpeg,q
d-56628.jpeg,d
4-89202.jpeg,4
i-20688.jpeg,i
l-18265.jpeg,l
q-20983.jpeg,q
w-15505.jpeg,w
o-3240.jpeg,o
v-25118.jpeg,v
l-47274.jpeg,l
p-26956.jpeg,p
a-46243.jpeg,a
v-66080.jpeg,v
9-38385.jpeg,9
q-18006.jpeg,q
o-58264.jpeg,o
8-59778.jpeg,8
e-41453.jpeg,e
7-40174.jpeg,7
g-27877.jpeg,g
n-63465.jpeg,n
1-63525.jpeg,1
8-54263.jpeg,8
p-79382.jpeg,p
v-34836.jpeg,v
w-63946.jpeg,w
8-7392.jpeg,8
7-28095.jpeg,7
i-603.jpeg,i
t-70099.jpeg,t
m-1263.jpeg,m
s-22465.jpeg,s
6-17638.jpeg,6
1-35579.jpeg,1
8-62214.jpeg,8
n-40169.jpeg,n
h-95342.jpeg,h
1-27544.jpeg,1
3-24163.jpeg,3
7-75328.jpeg,7
g-32264.jpeg,g
8-45219.jpeg,8
m-46860.jpeg,m
0-2214.jpeg,0
2-19032.jpeg,2
2-29484.jpeg,2
9-30648.jpeg,9
4-15320.jpeg,4
0-19393.jpeg,0
p-51095.jpeg,p
2-68171.jpeg,2
j-36952.jpeg,j
l-89826.jpeg,l
r-50460.jpeg,r
6-17053.jpeg,6
2-46536.jpeg,2
c-75790.jpeg,c
r-54589.jpeg,r
o-18587.jpeg,o
o-73499.jpeg,o
6-76669.jpeg,6
j-56095.jpeg,j
4-89469.jpeg,4
8-20525.jpeg,8
s-60704.jpeg,s
f-29315.jpeg,f
y-48394.jpeg,y
y-69133.jpeg,y
l-7597.jpeg,l
a-78983.jpeg,a
i-64714.jpeg,i
a-17077.jpeg,a
r-53535.jpeg,r
7-56331.jpeg,7
4-50415.jpeg,4
b-72768.jpeg,b
j-17425.jpeg,j
d-81922.jpeg,d
7-67196.jpeg,7
j-29127.jpeg,j
6-10450.jpeg,6
v-96450.jpeg,v
l-93251.jpeg,l
l-27137.jpeg,l
j-45139.jpeg,j
3-33034.jpeg,3
v-4385.jpeg,v
b-58116.jpeg,b
l-65714.jpeg,l
j-9750.jpeg,j
3-65204.jpeg,3
7-88758.jpeg,7
u-5892.jpeg,u
r-91190.jpeg,r
2-88333.jpeg,2
q-65127.jpeg,q
7-35465.jpeg,7
o-32879.jpeg,o
y-83005.jpeg,y
7-64190.jpeg,7
c-74894.jpeg,c
8-63278.jpeg,8
0-21616.jpeg,0
y-76403.jpeg,y
w-4458.jpeg,w
0-66667.jpeg,0
r-67705.jpeg,r
3-13314.jpeg,3
t-349.jpeg,t
5-49666.jpeg,5
5-99084.jpeg,5
5-50447.jpeg,5
k-60819.jpeg,k
x-45848.jpeg,x
f-50670.jpeg,f
c-63982.jpeg,c
l-10478.jpeg,l
u-19500.jpeg,u
w-12517.jpeg,w
5-47382.jpeg,5
q-38737.jpeg,q
i-53922.jpeg,i
r-88098.jpeg,r
7-33677.jpeg,7
2-55530.jpeg,2
s-98930.jpeg,s
y-82028.jpeg,y
v-9364.jpeg,v
s-18866.jpeg,s
b-3431.jpeg,b
q-39063.jpeg,q
q-10420.jpeg,q
h-11168.jpeg,h
9-58992.jpeg,9
i-59247.jpeg,i
p-92919.jpeg,p
s-40035.jpeg,s
m-75642.jpeg,m
d-98168.jpeg,d
r-64892.jpeg,r
h-13856.jpeg,h
k-83759.jpeg,k
6-76014.jpeg,6
s-31526.jpeg,s
e-32491.jpeg,e
z-51587.jpeg,z
d-21646.jpeg,d
p-70766.jpeg,p
m-79724.jpeg,m
7-51773.jpeg,7
9-86728.jpeg,9
f-26222.jpeg,f
f-32631.jpeg,f
2-70015.jpeg,2
x-51276.jpeg,x
x-66105.jpeg,x
j-21413.jpeg,j
r-4380.jpeg,r
s-67080.jpeg,s
6-28028.jpeg,6
s-79564.jpeg,s
e-37040.jpeg,e
n-33514.jpeg,n
x-59095.jpeg,x
8-72347.jpeg,8
s-7764.jpeg,s
u-94233.jpeg,u
o-65275.jpeg,o
7-69126.jpeg,7
x-70317.jpeg,x
0-43342.jpeg,0
u-93149.jpeg,u
q-50814.jpeg,q
4-92321.jpeg,4
h-99377.jpeg,h
m-10191.jpeg,m
y-94001.jpeg,y
l-16847.jpeg,l
1-60870.jpeg,1
x-57273.jpeg,x
3-54963.jpeg,3
0-63449.jpeg,0
k-41811.jpeg,k
r-76991.jpeg,r
7-5295.jpeg,7
c-21548.jpeg,c
i-27989.jpeg,i
c-98323.jpeg,c
a-2873.jpeg,a
7-78170.jpeg,7
y-81852.jpeg,y
s-18260.jpeg,s
9-39003.jpeg,9
o-56352.jpeg,o
6-10939.jpeg,6
9-48793.jpeg,9
h-80984.jpeg,h
m-26522.jpeg,m
3-47070.jpeg,3
0-50515.jpeg,0
r-12916.jpeg,r
1-30716.jpeg,1
n-16764.jpeg,n
9-14907.jpeg,9
9-74306.jpeg,9
i-36418.jpeg,i
9-73093.jpeg,9
s-10083.jpeg,s
n-32684.jpeg,n
q-21490.jpeg,q
r-71184.jpeg,r
n-43397.jpeg,n
e-31045.jpeg,e
4-5413.jpeg,4
4-27457.jpeg,4
m-53567.jpeg,m
9-16652.jpeg,9
5-96189.jpeg,5
8-699.jpeg,8
v-67644.jpeg,v
f-31031.jpeg,f
2-87402.jpeg,2
t-61124.jpeg,t
a-56783.jpeg,a
q-79485.jpeg,q
v-35088.jpeg,v
e-79050.jpeg,e
p-62798.jpeg,p
8-46321.jpeg,8
m-17678.jpeg,m
c-24434.jpeg,c
1-31500.jpeg,1
o-17189.jpeg,o
q-10660.jpeg,q
j-34797.jpeg,j
d-99169.jpeg,d
u-33190.jpeg,u
3-12987.jpeg,3
1-79391.jpeg,1
h-38946.jpeg,h
4-81034.jpeg,4
i-67155.jpeg,i
2-84804.jpeg,2
d-5028.jpeg,d
o-11118.jpeg,o
p-56101.jpeg,p
b-30960.jpeg,b
d-97618.jpeg,d
q-72660.jpeg,q
g-55267.jpeg,g
d-97248.jpeg,d
e-86108.jpeg,e
m-94378.jpeg,m
m-87554.jpeg,m
w-98308.jpeg,w
i-42124.jpeg,i
z-50206.jpeg,z
j-18482.jpeg,j
l-38305.jpeg,l
a-28173.jpeg,a
5-2333.jpeg,5
x-99071.jpeg,x
w-23948.jpeg,w
5-47183.jpeg,5
f-64987.jpeg,f
z-85520.jpeg,z
6-42208.jpeg,6
k-27940.jpeg,k
0-66523.jpeg,0
2-99723.jpeg,2
1-81449.jpeg,1
y-92100.jpeg,y
y-24534.jpeg,y
6-65897.jpeg,6
q-67065.jpeg,q
m-97503.jpeg,m
e-80121.jpeg,e
n-15298.jpeg,n
a-77973.jpeg,a
f-21070.jpeg,f
b-18677.jpeg,b
3-58110.jpeg,3
h-28268.jpeg,h
5-98093.jpeg,5
x-68199.jpeg,x
u-89600.jpeg,u
3-70196.jpeg,3
i-81152.jpeg,i
9-85885.jpeg,9
f-52948.jpeg,f
i-81502.jpeg,i
t-46646.jpeg,t
h-13138.jpeg,h
t-90873.jpeg,t
o-62861.jpeg,o
n-84249.jpeg,n
6-49413.jpeg,6
e-47790.jpeg,e
l-92895.jpeg,l
a-75671.jpeg,a
v-68266.jpeg,v
p-11074.jpeg,p
5-4199.jpeg,5
c-65180.jpeg,c
2-10116.jpeg,2
b-96553.jpeg,b
x-87741.jpeg,x
j-80760.jpeg,j
b-21326.jpeg,b
g-26122.jpeg,g
w-19224.jpeg,w
f-66328.jpeg,f
g-77438.jpeg,g
k-83558.jpeg,k
j-46810.jpeg,j
9-99263.jpeg,9
o-59727.jpeg,o
s-93700.jpeg,s
e-59761.jpeg,e
n-47268.jpeg,n
d-78583.jpeg,d
d-7540.jpeg,d
k-53354.jpeg,k
h-4517.jpeg,h
7-38903.jpeg,7
w-11245.jpeg,w
l-59569.jpeg,l
b-14069.jpeg,b
p-99513.jpeg,p
s-59151.jpeg,s
9-41819.jpeg,9
8-95340.jpeg,8
v-4582.jpeg,v
j-64599.jpeg,j
k-87849.jpeg,k
g-82195.jpeg,g
p-90677.jpeg,p
h-74842.jpeg,h
z-38132.jpeg,z
d-42304.jpeg,d
j-48675.jpeg,j
c-73669.jpeg,c
w-951.jpeg,w
n-22806.jpeg,n
s-46027.jpeg,s
9-32658.jpeg,9
5-16973.jpeg,5
7-42426.jpeg,7
g-69535.jpeg,g
g-37765.jpeg,g
i-53108.jpeg,i
2-81257.jpeg,2
5-71399.jpeg,5
s-92901.jpeg,s
f-85213.jpeg,f
2-46720.jpeg,2
2-47977.jpeg,2
z-7582.jpeg,z
e-6988.jpeg,e
x-94584.jpeg,x
i-73551.jpeg,i
a-87858.jpeg,a
i-59440.jpeg,i
i-54788.jpeg,i
b-40376.jpeg,b
p-34383.jpeg,p
t-28760.jpeg,t
0-12399.jpeg,0
c-96668.jpeg,c
x-87081.jpeg,x
r-12669.jpeg,r
2-41289.jpeg,2
p-9597.jpeg,p
4-41012.jpeg,4
0-1854.jpeg,0
i-98260.jpeg,i
x-87982.jpeg,x
8-40124.jpeg,8
n-45829.jpeg,n
r-74846.jpeg,r
4-30852.jpeg,4
n-82518.jpeg,n
g-30389.jpeg,g
c-53267.jpeg,c
q-5269.jpeg,q
k-13634.jpeg,k
v-93151.jpeg,v
c-49390.jpeg,c
j-47168.jpeg,j
z-96927.jpeg,z
m-76055.jpeg,m
b-52218.jpeg,b
b-47919.jpeg,b
6-28843.jpeg,6
0-57286.jpeg,0
h-30531.jpeg,h
e-50445.jpeg,e
a-57740.jpeg,a
i-10985.jpeg,i
d-79279.jpeg,d
j-85467.jpeg,j
2-56223.jpeg,2
0-82689.jpeg,0
7-28554.jpeg,7
u-26669.jpeg,u
f-36576.jpeg,f
5-60658.jpeg,5
j-45905.jpeg,j
m-5427.jpeg,m
f-66041.jpeg,f
s-75643.jpeg,s
l-31975.jpeg,l
4-3712.jpeg,4
j-72375.jpeg,j
9-76551.jpeg,9
x-88732.jpeg,x
q-36929.jpeg,q
t-53054.jpeg,t
y-88776.jpeg,y
0-81699.jpeg,0
5-86537.jpeg,5
n-19644.jpeg,n
a-72377.jpeg,a
p-67431.jpeg,p
y-53672.jpeg,y
1-15377.jpeg,1
u-85399.jpeg,u
p-60570.jpeg,p
s-5236.jpeg,s
t-7060.jpeg,t
v-14150.jpeg,v
x-30123.jpeg,x
a-32617.jpeg,a
m-87282.jpeg,m
1-19180.jpeg,1
u-97520.jpeg,u
9-73587.jpeg,9
h-99248.jpeg,h
q-14225.jpeg,q
r-87205.jpeg,r
n-69287.jpeg,n
9-75900.jpeg,9
3-59829.jpeg,3
1-39473.jpeg,1
h-64784.jpeg,h
c-42821.jpeg,c
f-13815.jpeg,f
m-4261.jpeg,m
k-51113.jpeg,k
f-36608.jpeg,f
g-45227.jpeg,g
d-88407.jpeg,d
d-65061.jpeg,d
l-76816.jpeg,l
1-52351.jpeg,1
x-39928.jpeg,x
4-25607.jpeg,4
1-57153.jpeg,1
l-58944.jpeg,l
5-55404.jpeg,5
i-53260.jpeg,i
a-38563.jpeg,a
n-88857.jpeg,n
u-42713.jpeg,u
b-91452.jpeg,b
d-42257.jpeg,d
1-37601.jpeg,1
7-53935.jpeg,7
j-97026.jpeg,j
g-87250.jpeg,g
p-29071.jpeg,p
h-89233.jpeg,h
4-88392.jpeg,4
q-87174.jpeg,q
m-64394.jpeg,m
4-54800.jpeg,4
j-89891.jpeg,j
v-12913.jpeg,v
j-44457.jpeg,j
f-86405.jpeg,f
u-46402.jpeg,u
v-76214.jpeg,v
h-76687.jpeg,h
8-75745.jpeg,8
7-90294.jpeg,7
0-69878.jpeg,0
3-39896.jpeg,3
c-55223.jpeg,c
v-60143.jpeg,v
p-90476.jpeg,p
a-61432.jpeg,a
u-13272.jpeg,u
n-97665.jpeg,n
8-91047.jpeg,8
6-20360.jpeg,6
s-17100.jpeg,s
8-56160.jpeg,8
w-89488.jpeg,w
1-98829.jpeg,1
i-95346.jpeg,i
d-55678.jpeg,d
g-12850.jpeg,g
s-90117.jpeg,s
y-89370.jpeg,y
z-7445.jpeg,z
c-7204.jpeg,c
e-45779.jpeg,e
q-54417.jpeg,q
r-18120.jpeg,r
v-17.jpeg,v
n-68906.jpeg,n
t-90262.jpeg,t
z-5497.jpeg,z
o-88700.jpeg,o
f-57858.jpeg,f
2-12813.jpeg,2
d-67836.jpeg,d
l-40908.jpeg,l
n-29289.jpeg,n
s-34322.jpeg,s
p-1125.jpeg,p
1-56294.jpeg,1
u-44741.jpeg,u
r-76953.jpeg,r
q-73508.jpeg,q
h-54172.jpeg,h
s-21120.jpeg,s
g-92793.jpeg,g
c-35199.jpeg,c
3-14203.jpeg,3
8-92796.jpeg,8
f-46875.jpeg,f
x-77312.jpeg,x
v-79620.jpeg,v
l-71613.jpeg,l
f-74457.jpeg,f
m-15453.jpeg,m
6-52458.jpeg,6
j-78353.jpeg,j
i-43759.jpeg,i
h-13945.jpeg,h
r-29807.jpeg,r
r-88060.jpeg,r
c-18022.jpeg,c
d-78540.jpeg,d
p-39030.jpeg,p
r-23636.jpeg,r
2-7009.jpeg,2
k-96262.jpeg,k
x-6460.jpeg,x
i-90447.jpeg,i
x-65856.jpeg,x
h-36871.jpeg,h
t-8205.jpeg,t
2-52718.jpeg,2
n-98247.jpeg,n
4-88015.jpeg,4
o-74648.jpeg,o
g-53776.jpeg,g
r-35424.jpeg,r
k-88155.jpeg,k
3-1895.jpeg,3
w-2124.jpeg,w
z-22456.jpeg,z
l-13869.jpeg,l
x-695.jpeg,x
3-81511.jpeg,3
g-90307.jpeg,g
4-62709.jpeg,4
b-25827.jpeg,b
w-75190.jpeg,w
j-49766.jpeg,j
4-2210.jpeg,4
g-86007.jpeg,g
j-11118.jpeg,j
3-28454.jpeg,3
e-69657.jpeg,e
5-32738.jpeg,5
x-36560.jpeg,x
d-61223.jpeg,d
r-43426.jpeg,r
j-98280.jpeg,j
3-1712.jpeg,3
e-75731.jpeg,e
5-85008.jpeg,5
i-81651.jpeg,i
o-62548.jpeg,o
t-76009.jpeg,t
g-64901.jpeg,g
w-65606.jpeg,w
o-53096.jpeg,o
5-49919.jpeg,5
c-10279.jpeg,c
x-58555.jpeg,x
x-73605.jpeg,x
j-84889.jpeg,j
3-29479.jpeg,3
b-24277.jpeg,b
w-47777.jpeg,w
g-16297.jpeg,g
o-67033.jpeg,o
5-15277.jpeg,5
w-61700.jpeg,w
e-9581.jpeg,e
3-78533.jpeg,3
w-32732.jpeg,w
n-78382.jpeg,n
3-91116.jpeg,3
p-42250.jpeg,p
t-92588.jpeg,t
1-14419.jpeg,1
5-55808.jpeg,5
l-80630.jpeg,l
s-1453.jpeg,s
v-88253.jpeg,v
o-83316.jpeg,o
j-67839.jpeg,j
1-279.jpeg,1
q-91612.jpeg,q
9-97509.jpeg,9
z-716.jpeg,z
y-58970.jpeg,y
c-83124.jpeg,c
b-82634.jpeg,b
3-33453.jpeg,3
o-79723.jpeg,o
3-10919.jpeg,3
j-93141.jpeg,j
n-64913.jpeg,n
g-28131.jpeg,g
e-95512.jpeg,e
t-32623.jpeg,t
m-12436.jpeg,m
k-24265.jpeg,k
6-99213.jpeg,6
8-74359.jpeg,8
z-83441.jpeg,z
m-86036.jpeg,m
0-66980.jpeg,0
6-7352.jpeg,6
e-73387.jpeg,e
a-58417.jpeg,a
1-27709.jpeg,1
1-25364.jpeg,1
s-2678.jpeg,s
m-14673.jpeg,m
i-54854.jpeg,i
8-7130.jpeg,8
x-99139.jpeg,x
7-60019.jpeg,7
z-81647.jpeg,z
3-95933.jpeg,3
v-57206.jpeg,v
z-95254.jpeg,z
4-48680.jpeg,4
g-4948.jpeg,g
2-15437.jpeg,2
5-92997.jpeg,5
o-7672.jpeg,o
s-617.jpeg,s
u-50299.jpeg,u
p-49129.jpeg,p
a-99325.jpeg,a
y-16274.jpeg,y
j-95538.jpeg,j
h-57416.jpeg,h
h-15665.jpeg,h
n-26234.jpeg,n
s-4939.jpeg,s
9-82863.jpeg,9
q-96616.jpeg,q
l-35243.jpeg,l
6-11372.jpeg,6
s-10889.jpeg,s
m-83799.jpeg,m
e-9372.jpeg,e
g-16171.jpeg,g
r-98017.jpeg,r
i-54784.jpeg,i
0-93578.jpeg,0
9-1806.jpeg,9
m-57138.jpeg,m
c-39708.jpeg,c
5-35527.jpeg,5
h-18542.jpeg,h
7-28671.jpeg,7
e-82853.jpeg,e
7-89979.jpeg,7
7-87434.jpeg,7
l-65277.jpeg,l
y-17166.jpeg,y
g-61689.jpeg,g
9-1390.jpeg,9
y-40117.jpeg,y
0-82056.jpeg,0
q-96196.jpeg,q
3-56512.jpeg,3
6-75249.jpeg,6
1-32008.jpeg,1
3-70973.jpeg,3
x-36385.jpeg,x
u-53159.jpeg,u
y-13719.jpeg,y
c-291.jpeg,c
v-67425.jpeg,v
r-69852.jpeg,r
j-78148.jpeg,j
i-47852.jpeg,i
j-42409.jpeg,j
o-56471.jpeg,o
1-7894.jpeg,1
d-38295.jpeg,d
s-48648.jpeg,s
i-23355.jpeg,i
t-60104.jpeg,t
1-51967.jpeg,1
q-90916.jpeg,q
u-18449.jpeg,u
f-40128.jpeg,f
x-21102.jpeg,x
n-41124.jpeg,n
w-7605.jpeg,w
7-60408.jpeg,7
s-3478.jpeg,s
p-22830.jpeg,p
f-20380.jpeg,f
s-99195.jpeg,s
g-18342.jpeg,g
f-5129.jpeg,f
t-48643.jpeg,t
b-93033.jpeg,b
e-33219.jpeg,e
f-54184.jpeg,f
5-36126.jpeg,5
m-21593.jpeg,m
9-47312.jpeg,9
o-16668.jpeg,o
b-84826.jpeg,b
q-72440.jpeg,q
r-46215.jpeg,r
d-56561.jpeg,d
m-13661.jpeg,m
9-20805.jpeg,9
t-96396.jpeg,t
i-26045.jpeg,i
0-19824.jpeg,0
r-64364.jpeg,r
1-23834.jpeg,1
e-85504.jpeg,e
m-92599.jpeg,m
d-19435.jpeg,d
f-91708.jpeg,f
8-88568.jpeg,8
c-22742.jpeg,c
m-83936.jpeg,m
6-10365.jpeg,6
b-15160.jpeg,b
w-66899.jpeg,w
o-59481.jpeg,o
t-84503.jpeg,t
5-51963.jpeg,5
7-91870.jpeg,7
0-12593.jpeg,0
s-26344.jpeg,s
0-80047.jpeg,0
k-24967.jpeg,k
g-21541.jpeg,g
a-41088.jpeg,a
k-38047.jpeg,k
j-72705.jpeg,j
g-85148.jpeg,g
y-16022.jpeg,y
l-56612.jpeg,l
n-71290.jpeg,n
n-65683.jpeg,n
a-23564.jpeg,a
5-72096.jpeg,5
z-1899.jpeg,z
3-60660.jpeg,3
d-29017.jpeg,d
m-26807.jpeg,m
6-68284.jpeg,6
a-68473.jpeg,a
7-98581.jpeg,7
t-52262.jpeg,t
r-54087.jpeg,r
z-34062.jpeg,z
e-27626.jpeg,e
9-42995.jpeg,9
t-23634.jpeg,t
m-3584.jpeg,m
2-44510.jpeg,2
x-79750.jpeg,x
2-29923.jpeg,2
y-92619.jpeg,y
h-98300.jpeg,h
2-77620.jpeg,2
g-78083.jpeg,g
y-40496.jpeg,y
w-22006.jpeg,w
j-90242.jpeg,j
2-65534.jpeg,2
w-49548.jpeg,w
3-18555.jpeg,3
e-96241.jpeg,e
n-12643.jpeg,n
n-20732.jpeg,n
b-23269.jpeg,b
k-88773.jpeg,k
n-5239.jpeg,n
0-67217.jpeg,0
h-77167.jpeg,h
x-1215.jpeg,x
y-97677.jpeg,y
0-72015.jpeg,0
6-79568.jpeg,6
h-57181.jpeg,h
o-3125.jpeg,o
v-94476.jpeg,v
5-9636.jpeg,5
t-26135.jpeg,t
a-92512.jpeg,a
c-15020.jpeg,c
s-13948.jpeg,s
e-47861.jpeg,e
o-33635.jpeg,o
7-89447.jpeg,7
a-94583.jpeg,a
t-87381.jpeg,t
m-78483.jpeg,m
e-40648.jpeg,e
k-29617.jpeg,k
f-62599.jpeg,f
f-2793.jpeg,f
d-82895.jpeg,d
2-60409.jpeg,2
4-57298.jpeg,4
1-24627.jpeg,1
1-63656.jpeg,1
i-63875.jpeg,i
9-88003.jpeg,9
a-66139.jpeg,a
5-11003.jpeg,5
r-98980.jpeg,r
g-8290.jpeg,g
8-61032.jpeg,8
w-34828.jpeg,w
k-43374.jpeg,k
c-69182.jpeg,c
4-86953.jpeg,4
2-56079.jpeg,2
9-83024.jpeg,9
d-45459.jpeg,d
5-92542.jpeg,5
0-24008.jpeg,0
d-56330.jpeg,d
e-5054.jpeg,e
j-64297.jpeg,j
i-89001.jpeg,i
8-58867.jpeg,8
2-2196.jpeg,2
k-12510.jpeg,k
1-48101.jpeg,1
q-23137.jpeg,q
w-25628.jpeg,w
4-76438.jpeg,4
7-38132.jpeg,7
x-61008.jpeg,x
o-55288.jpeg,o
c-92488.jpeg,c
g-78611.jpeg,g
z-70941.jpeg,z
8-12818.jpeg,8
o-76507.jpeg,o
t-66005.jpeg,t
9-68345.jpeg,9
7-86970.jpeg,7
o-97512.jpeg,o
h-76367.jpeg,h
k-90247.jpeg,k
u-36918.jpeg,u
c-13972.jpeg,c
m-74030.jpeg,m
c-82736.jpeg,c
y-92765.jpeg,y
f-42415.jpeg,f
k-52376.jpeg,k
q-93786.jpeg,q
j-79577.jpeg,j
3-89552.jpeg,3
w-52917.jpeg,w
c-42091.jpeg,c
2-67619.jpeg,2
3-48958.jpeg,3
k-23235.jpeg,k
v-25478.jpeg,v
g-97398.jpeg,g
x-56303.jpeg,x
d-15053.jpeg,d
7-37745.jpeg,7
t-49381.jpeg,t
b-35384.jpeg,b
t-73290.jpeg,t
6-59558.jpeg,6
k-60987.jpeg,k
x-98906.jpeg,x
r-90920.jpeg,r
c-5349.jpeg,c
s-55487.jpeg,s
z-66551.jpeg,z
t-61612.jpeg,t
c-54329.jpeg,c
c-3767.jpeg,c
5-73606.jpeg,5
8-5948.jpeg,8
9-26643.jpeg,9
a-4141.jpeg,a
g-75260.jpeg,g
f-35085.jpeg,f
e-26059.jpeg,e
p-6728.jpeg,p
z-32422.jpeg,z
5-63082.jpeg,5
a-94902.jpeg,a
k-1124.jpeg,k
k-83628.jpeg,k
i-68191.jpeg,i
s-51755.jpeg,s
9-85219.jpeg,9
4-74979.jpeg,4
z-8228.jpeg,z
k-35565.jpeg,k
q-62814.jpeg,q
x-66648.jpeg,x
i-5179.jpeg,i
2-55945.jpeg,2
z-484.jpeg,z
d-22377.jpeg,d
k-50520.jpeg,k
d-97929.jpeg,d
q-35920.jpeg,q
4-6335.jpeg,4
b-99755.jpeg,b
o-66528.jpeg,o
7-12519.jpeg,7
z-53577.jpeg,z
2-99557.jpeg,2
3-398.jpeg,3
d-86504.jpeg,d
0-62714.jpeg,0
a-45908.jpeg,a
h-40515.jpeg,h
w-27913.jpeg,w
p-86978.jpeg,p
8-25894.jpeg,8
s-1942.jpeg,s
t-44771.jpeg,t
4-69824.jpeg,4
0-45172.jpeg,0
z-19621.jpeg,z
6-23996.jpeg,6
9-50196.jpeg,9
1-81902.jpeg,1
p-55689.jpeg,p
b-88914.jpeg,b
p-98659.jpeg,p
a-50966.jpeg,a
s-26804.jpeg,s
7-85689.jpeg,7
d-11114.jpeg,d
v-76667.jpeg,v
0-88634.jpeg,0
h-35696.jpeg,h
l-66634.jpeg,l
z-94329.jpeg,z
y-47517.jpeg,y
6-36852.jpeg,6
2-42280.jpeg,2
d-36267.jpeg,d
d-62314.jpeg,d
u-2226.jpeg,u
u-7474.jpeg,u
s-655.jpeg,s
q-57424.jpeg,q
b-46829.jpeg,b
4-26927.jpeg,4
3-99952.jpeg,3
v-94320.jpeg,v
r-205.jpeg,r
v-95862.jpeg,v
j-61014.jpeg,j
b-15548.jpeg,b
3-71320.jpeg,3
r-11908.jpeg,r
c-76022.jpeg,c
k-68271.jpeg,k
n-46748.jpeg,n
7-31957.jpeg,7
u-16907.jpeg,u
j-76694.jpeg,j
r-59225.jpeg,r
v-56510.jpeg,v
8-62298.jpeg,8
z-35060.jpeg,z
4-69609.jpeg,4
k-39854.jpeg,k
d-98721.jpeg,d
p-23058.jpeg,p
x-60677.jpeg,x
k-45626.jpeg,k
f-32097.jpeg,f
x-26017.jpeg,x
u-71355.jpeg,u
o-22334.jpeg,o
s-35639.jpeg,s
r-54381.jpeg,r
4-25521.jpeg,4
x-42643.jpeg,x
x-37743.jpeg,x
l-28063.jpeg,l
f-25247.jpeg,f
8-25011.jpeg,8
l-52081.jpeg,l
o-14441.jpeg,o
9-68995.jpeg,9
2-7694.jpeg,2
i-76859.jpeg,i
s-85988.jpeg,s
z-65039.jpeg,z
e-49997.jpeg,e
9-8171.jpeg,9
c-9887.jpeg,c
9-95366.jpeg,9
4-31519.jpeg,4
f-92019.jpeg,f
t-5880.jpeg,t
s-82037.jpeg,s
z-13596.jpeg,z
z-47631.jpeg,z
o-37008.jpeg,o
g-85262.jpeg,g
u-9387.jpeg,u
a-84312.jpeg,a
b-34452.jpeg,b
u-59347.jpeg,u
o-16305.jpeg,o
0-83812.jpeg,0
r-32069.jpeg,r
j-5116.jpeg,j
6-21657.jpeg,6
h-83631.jpeg,h
w-41985.jpeg,w
l-4823.jpeg,l
2-13831.jpeg,2
4-59440.jpeg,4
r-46056.jpeg,r
a-16107.jpeg,a
t-1601.jpeg,t
n-80951.jpeg,n
g-17132.jpeg,g
l-49675.jpeg,l
r-43741.jpeg,r
x-233.jpeg,x
8-41612.jpeg,8
r-11532.jpeg,r
9-91688.jpeg,9
d-83454.jpeg,d
v-24896.jpeg,v
w-65561.jpeg,w
c-30052.jpeg,c
g-95370.jpeg,g
t-43759.jpeg,t
0-18349.jpeg,0
r-30453.jpeg,r
l-51183.jpeg,l
a-18230.jpeg,a
7-19787.jpeg,7
3-65965.jpeg,3
7-16921.jpeg,7
u-54522.jpeg,u
r-28063.jpeg,r
z-56098.jpeg,z
w-20468.jpeg,w
r-2831.jpeg,r
r-40897.jpeg,r
e-53437.jpeg,e
8-76062.jpeg,8
j-73506.jpeg,j
v-21417.jpeg,v
f-29462.jpeg,f
b-53742.jpeg,b
z-53849.jpeg,z
n-49192.jpeg,n
h-57317.jpeg,h
o-28979.jpeg,o
j-13741.jpeg,j
5-51472.jpeg,5
w-20612.jpeg,w
e-25177.jpeg,e
0-60197.jpeg,0
u-28750.jpeg,u
6-59061.jpeg,6
f-70231.jpeg,f
t-39410.jpeg,t
5-85953.jpeg,5
8-22003.jpeg,8
x-12437.jpeg,x
n-48015.jpeg,n
v-47911.jpeg,v
9-46756.jpeg,9
s-62737.jpeg,s
r-36591.jpeg,r
c-92126.jpeg,c
s-53590.jpeg,s
7-69539.jpeg,7
h-89787.jpeg,h
r-11318.jpeg,r
6-42338.jpeg,6
u-85343.jpeg,u
p-30160.jpeg,p
g-57782.jpeg,g
t-11707.jpeg,t
n-59080.jpeg,n
z-75490.jpeg,z
y-19842.jpeg,y
e-98134.jpeg,e
5-38013.jpeg,5
c-25138.jpeg,c
x-80272.jpeg,x
h-94224.jpeg,h
s-88355.jpeg,s
a-49911.jpeg,a
c-50468.jpeg,c
q-82800.jpeg,q
d-69165.jpeg,d
u-58686.jpeg,u
j-52719.jpeg,j
4-67416.jpeg,4
t-79170.jpeg,t
q-49457.jpeg,q
p-82452.jpeg,p
0-15243.jpeg,0
9-24202.jpeg,9
5-24876.jpeg,5
l-25796.jpeg,l
8-7723.jpeg,8
l-80424.jpeg,l
4-73286.jpeg,4
2-51496.jpeg,2
w-88845.jpeg,w
j-68171.jpeg,j
k-58583.jpeg,k
n-39551.jpeg,n
r-45142.jpeg,r
c-16434.jpeg,c
v-53456.jpeg,v
4-48093.jpeg,4
n-40022.jpeg,n
o-59752.jpeg,o
0-45631.jpeg,0
g-68612.jpeg,g
k-1256.jpeg,k
i-73505.jpeg,i
d-73323.jpeg,d
a-80330.jpeg,a
7-30126.jpeg,7
x-94929.jpeg,x
6-48715.jpeg,6
u-54902.jpeg,u
t-20611.jpeg,t
8-23632.jpeg,8
r-65995.jpeg,r
l-66383.jpeg,l
b-61869.jpeg,b
7-44288.jpeg,7
y-60629.jpeg,y
h-87756.jpeg,h
a-54084.jpeg,a
q-5817.jpeg,q
a-42500.jpeg,a
l-95082.jpeg,l
n-61837.jpeg,n
a-97363.jpeg,a
2-80384.jpeg,2
m-61681.jpeg,m
0-10489.jpeg,0
d-9731.jpeg,d
b-30077.jpeg,b
c-75090.jpeg,c
5-73718.jpeg,5
f-43930.jpeg,f
t-56886.jpeg,t
l-99330.jpeg,l
o-4397.jpeg,o
o-63663.jpeg,o
1-7927.jpeg,1
8-68637.jpeg,8
v-62794.jpeg,v
x-55061.jpeg,x
q-4302.jpeg,q
q-91076.jpeg,q
5-66776.jpeg,5
d-48248.jpeg,d
x-31009.jpeg,x
v-22759.jpeg,v
g-31061.jpeg,g
p-34416.jpeg,p
x-56564.jpeg,x
p-31614.jpeg,p
c-3045.jpeg,c
r-39886.jpeg,r
s-42175.jpeg,s
y-47331.jpeg,y
h-14647.jpeg,h
k-84948.jpeg,k
5-40351.jpeg,5
n-64674.jpeg,n
6-43677.jpeg,6
s-89972.jpeg,s
z-97289.jpeg,z
r-56934.jpeg,r
y-62710.jpeg,y
v-52621.jpeg,v
1-97423.jpeg,1
e-17122.jpeg,e
x-97217.jpeg,x
d-73698.jpeg,d
2-2770.jpeg,2
x-34972.jpeg,x
t-49773.jpeg,t
8-83669.jpeg,8
8-75013.jpeg,8
v-65047.jpeg,v
k-98212.jpeg,k
i-62990.jpeg,i
z-77927.jpeg,z
p-96427.jpeg,p
j-38923.jpeg,j
n-70764.jpeg,n
g-79259.jpeg,g
6-70802.jpeg,6
l-73656.jpeg,l
k-59577.jpeg,k
v-92240.jpeg,v
v-84394.jpeg,v
g-81082.jpeg,g
n-8243.jpeg,n
n-36295.jpeg,n
e-42990.jpeg,e
3-94950.jpeg,3
w-64645.jpeg,w
d-96733.jpeg,d
j-43305.jpeg,j
7-64297.jpeg,7
7-83706.jpeg,7
l-46666.jpeg,l
f-16897.jpeg,f
6-67410.jpeg,6
0-149.jpeg,0
8-17681.jpeg,8
o-4293.jpeg,o
o-64558.jpeg,o
l-69060.jpeg,l
l-95217.jpeg,l
2-97791.jpeg,2
i-45564.jpeg,i
c-34898.jpeg,c
k-65273.jpeg,k
t-83748.jpeg,t
i-52188.jpeg,i
z-29673.jpeg,z
7-48194.jpeg,7
6-89436.jpeg,6
x-32664.jpeg,x
d-55591.jpeg,d
a-31311.jpeg,a
y-47235.jpeg,y
r-84703.jpeg,r
j-67573.jpeg,j
4-47184.jpeg,4
7-31058.jpeg,7
e-51596.jpeg,e
y-95956.jpeg,y
s-52773.jpeg,s
x-33777.jpeg,x
5-11558.jpeg,5
e-80772.jpeg,e
p-31157.jpeg,p
y-70214.jpeg,y
k-20244.jpeg,k
z-33086.jpeg,z
0-79601.jpeg,0
g-59505.jpeg,g
9-50765.jpeg,9
6-90953.jpeg,6
e-89416.jpeg,e
a-31805.jpeg,a
r-94001.jpeg,r
s-52636.jpeg,s
4-22505.jpeg,4
r-2485.jpeg,r
r-95539.jpeg,r
q-55481.jpeg,q
5-61436.jpeg,5
3-52067.jpeg,3
c-18719.jpeg,c
z-86158.jpeg,z
u-55942.jpeg,u
4-54383.jpeg,4
7-12256.jpeg,7
o-66267.jpeg,o
w-91404.jpeg,w
z-81222.jpeg,z
f-84342.jpeg,f
0-27282.jpeg,0
v-7456.jpeg,v
t-20105.jpeg,t
b-35023.jpeg,b
p-46343.jpeg,p
l-51160.jpeg,l
n-35883.jpeg,n
n-23957.jpeg,n
q-94649.jpeg,q
t-40179.jpeg,t
b-36121.jpeg,b
q-59363.jpeg,q
t-61761.jpeg,t
5-40916.jpeg,5
d-10637.jpeg,d
q-48964.jpeg,q
k-25154.jpeg,k
0-71289.jpeg,0
c-55762.jpeg,c
1-29775.jpeg,1
k-95267.jpeg,k
m-82369.jpeg,m
4-65489.jpeg,4
7-31977.jpeg,7
9-42076.jpeg,9
7-27909.jpeg,7
f-27870.jpeg,f
9-65610.jpeg,9
d-26569.jpeg,d
f-65300.jpeg,f
1-84018.jpeg,1
h-49743.jpeg,h
m-99030.jpeg,m
a-16371.jpeg,a
q-16734.jpeg,q
j-93532.jpeg,j
h-89334.jpeg,h
e-44038.jpeg,e
d-36206.jpeg,d
8-42248.jpeg,8
k-66873.jpeg,k
a-700.jpeg,a
2-38501.jpeg,2
r-92194.jpeg,r
o-7190.jpeg,o
5-34712.jpeg,5
i-58229.jpeg,i
7-3400.jpeg,7
x-26922.jpeg,x
q-38723.jpeg,q
s-6136.jpeg,s
m-81553.jpeg,m
q-41179.jpeg,q
k-24883.jpeg,k
i-91890.jpeg,i
9-69760.jpeg,9
k-9563.jpeg,k
9-2474.jpeg,9
6-49201.jpeg,6
h-96757.jpeg,h
3-65210.jpeg,3
g-57736.jpeg,g
d-24811.jpeg,d
k-41595.jpeg,k
0-5707.jpeg,0
z-67337.jpeg,z
z-88296.jpeg,z
u-68545.jpeg,u
b-14441.jpeg,b
h-28138.jpeg,h
0-38618.jpeg,0
b-57023.jpeg,b
n-74822.jpeg,n
o-26603.jpeg,o
l-50675.jpeg,l
k-24354.jpeg,k
t-37510.jpeg,t
l-60693.jpeg,l
t-9155.jpeg,t
k-60159.jpeg,k
3-14538.jpeg,3
0-68513.jpeg,0
h-11890.jpeg,h
s-85584.jpeg,s
6-39504.jpeg,6
k-42301.jpeg,k
t-42693.jpeg,t
r-72817.jpeg,r
j-80125.jpeg,j
i-92212.jpeg,i
h-54075.jpeg,h
8-98766.jpeg,8
h-13511.jpeg,h
4-805.jpeg,4
n-36997.jpeg,n
e-37668.jpeg,e
t-865.jpeg,t
2-66839.jpeg,2
v-74545.jpeg,v
w-97895.jpeg,w
y-71384.jpeg,y
g-94311.jpeg,g
9-60517.jpeg,9
r-74491.jpeg,r
c-71787.jpeg,c
8-13991.jpeg,8
y-28241.jpeg,y
j-15270.jpeg,j
0-63974.jpeg,0
8-64005.jpeg,8
a-68312.jpeg,a
g-2914.jpeg,g
h-3881.jpeg,h
p-68206.jpeg,p
8-29496.jpeg,8
z-80074.jpeg,z
k-15234.jpeg,k
a-47451.jpeg,a
4-56346.jpeg,4
8-79288.jpeg,8
w-39193.jpeg,w
d-44495.jpeg,d
c-42321.jpeg,c
9-56649.jpeg,9
i-92585.jpeg,i
n-18714.jpeg,n
0-70964.jpeg,0
s-8191.jpeg,s
9-93753.jpeg,9
d-61221.jpeg,d
t-27907.jpeg,t
l-15638.jpeg,l
0-93809.jpeg,0
y-30558.jpeg,y
e-94233.jpeg,e
t-34043.jpeg,t
a-80464.jpeg,a
j-67118.jpeg,j
q-58709.jpeg,q
c-18759.jpeg,c
t-4418.jpeg,t
8-57677.jpeg,8
f-41218.jpeg,f
e-12823.jpeg,e
e-83237.jpeg,e
o-56691.jpeg,o
h-35475.jpeg,h
g-48138.jpeg,g
6-59345.jpeg,6
2-19031.jpeg,2
k-19539.jpeg,k
7-52371.jpeg,7
m-47458.jpeg,m
l-23618.jpeg,l
2-77004.jpeg,2
m-41975.jpeg,m
v-29246.jpeg,v
c-69026.jpeg,c
e-4020.jpeg,e
p-28789.jpeg,p
7-7012.jpeg,7
e-79602.jpeg,e
8-65839.jpeg,8
3-71897.jpeg,3
j-19984.jpeg,j
i-78734.jpeg,i
6-70614.jpeg,6
e-8845.jpeg,e
0-84732.jpeg,0
5-69695.jpeg,5
3-85229.jpeg,3
u-21069.jpeg,u
s-20226.jpeg,s
a-61037.jpeg,a
f-94601.jpeg,f
7-71391.jpeg,7
d-38063.jpeg,d
f-31049.jpeg,f
s-1037.jpeg,s
t-16574.jpeg,t
z-84099.jpeg,z
5-90025.jpeg,5
3-26370.jpeg,3
3-42461.jpeg,3
8-81442.jpeg,8
f-77279.jpeg,f
t-73474.jpeg,t
5-43511.jpeg,5
p-32812.jpeg,p
u-24857.jpeg,u
l-64043.jpeg,l
l-95543.jpeg,l
s-24320.jpeg,s
x-76444.jpeg,x
7-40970.jpeg,7
s-50431.jpeg,s
y-89667.jpeg,y
t-79215.jpeg,t
x-95745.jpeg,x
i-41859.jpeg,i
o-81523.jpeg,o
z-25807.jpeg,z
p-15848.jpeg,p
p-24616.jpeg,p
x-13728.jpeg,x
g-96947.jpeg,g
p-42993.jpeg,p
5-13925.jpeg,5
h-83145.jpeg,h
n-33794.jpeg,n
n-39233.jpeg,n
a-22402.jpeg,a
z-26840.jpeg,z
x-44974.jpeg,x
7-35431.jpeg,7
c-97942.jpeg,c
t-56297.jpeg,t
8-57289.jpeg,8
v-34209.jpeg,v
l-60057.jpeg,l
x-73611.jpeg,x
x-94380.jpeg,x
i-67316.jpeg,i
f-95801.jpeg,f
e-30913.jpeg,e
c-92756.jpeg,c
z-57515.jpeg,z
k-5015.jpeg,k
f-10485.jpeg,f
7-32198.jpeg,7
4-42939.jpeg,4
4-25557.jpeg,4
c-61457.jpeg,c
o-31094.jpeg,o
9-13306.jpeg,9
x-3764.jpeg,x
z-65608.jpeg,z
5-55611.jpeg,5
a-27529.jpeg,a
5-49632.jpeg,5
i-65844.jpeg,i
l-2387.jpeg,l
3-94880.jpeg,3
l-29741.jpeg,l
z-92399.jpeg,z
s-76738.jpeg,s
u-77218.jpeg,u
o-70424.jpeg,o
c-57070.jpeg,c
m-50333.jpeg,m
7-74717.jpeg,7
2-28756.jpeg,2
5-66366.jpeg,5
0-26543.jpeg,0
6-32261.jpeg,6
a-69997.jpeg,a
q-7702.jpeg,q
o-24982.jpeg,o
a-57129.jpeg,a
t-91631.jpeg,t
p-46786.jpeg,p
f-94787.jpeg,f
y-96382.jpeg,y
3-31163.jpeg,3
r-30472.jpeg,r
n-34753.jpeg,n
e-3730.jpeg,e
g-97679.jpeg,g
8-90156.jpeg,8
j-54838.jpeg,j
k-5652.jpeg,k
q-40883.jpeg,q
k-84322.jpeg,k
m-36034.jpeg,m
q-3192.jpeg,q
r-28557.jpeg,r
x-73543.jpeg,x
i-39214.jpeg,i
8-93795.jpeg,8
9-36875.jpeg,9
c-24460.jpeg,c
o-7514.jpeg,o
v-14502.jpeg,v
f-53618.jpeg,f
z-67025.jpeg,z
4-98979.jpeg,4
4-29671.jpeg,4
l-64891.jpeg,l
s-6623.jpeg,s
v-74591.jpeg,v
5-59537.jpeg,5
u-84135.jpeg,u
a-97266.jpeg,a
c-99589.jpeg,c
u-2339.jpeg,u
o-91734.jpeg,o
d-16849.jpeg,d
q-26751.jpeg,q
m-87668.jpeg,m
x-24973.jpeg,x
m-3288.jpeg,m
v-78731.jpeg,v
j-22640.jpeg,j
o-13825.jpeg,o
4-56956.jpeg,4
l-70647.jpeg,l
x-49956.jpeg,x
a-27010.jpeg,a
2-546.jpeg,2
t-78185.jpeg,t
3-27326.jpeg,3
c-7338.jpeg,c
u-20896.jpeg,u
a-2132.jpeg,a
z-25240.jpeg,z
g-58840.jpeg,g
a-4009.jpeg,a
d-85626.jpeg,d
h-3842.jpeg,h
j-12599.jpeg,j
4-28830.jpeg,4
6-9196.jpeg,6
8-41737.jpeg,8
8-55324.jpeg,8
f-22258.jpeg,f
h-71746.jpeg,h
6-24198.jpeg,6
y-59007.jpeg,y
8-97328.jpeg,8
s-51471.jpeg,s
s-96805.jpeg,s
w-94902.jpeg,w
v-22534.jpeg,v
2-47975.jpeg,2
u-40151.jpeg,u
z-2782.jpeg,z
6-65197.jpeg,6
2-93792.jpeg,2
l-22422.jpeg,l
w-53960.jpeg,w
3-88525.jpeg,3
k-74072.jpeg,k
2-19363.jpeg,2
h-47418.jpeg,h
q-10730.jpeg,q
9-30149.jpeg,9
8-37559.jpeg,8
a-43469.jpeg,a
5-94549.jpeg,5
5-6774.jpeg,5
5-53194.jpeg,5
x-50409.jpeg,x
n-37240.jpeg,n
2-57308.jpeg,2
r-87568.jpeg,r
7-13997.jpeg,7
e-80821.jpeg,e
w-17405.jpeg,w
i-74412.jpeg,i
g-28703.jpeg,g
2-96251.jpeg,2
q-35645.jpeg,q
p-43068.jpeg,p
v-24634.jpeg,v
4-93698.jpeg,4
k-58776.jpeg,k
h-15283.jpeg,h
t-13465.jpeg,t
9-43575.jpeg,9
0-93872.jpeg,0
p-26611.jpeg,p
9-85243.jpeg,9
7-73115.jpeg,7
5-80336.jpeg,5
0-36693.jpeg,0
l-22863.jpeg,l
x-41832.jpeg,x
c-40367.jpeg,c
4-7084.jpeg,4
f-47533.jpeg,f
2-14506.jpeg,2
7-11695.jpeg,7
0-98228.jpeg,0
e-39876.jpeg,e
l-71447.jpeg,l
h-20122.jpeg,h
8-10153.jpeg,8
k-25883.jpeg,k
8-47856.jpeg,8
s-87222.jpeg,s
k-33920.jpeg,k
g-24491.jpeg,g
f-54692.jpeg,f
2-36953.jpeg,2
a-10355.jpeg,a
q-27463.jpeg,q
1-96710.jpeg,1
k-70912.jpeg,k
i-89795.jpeg,i
9-20885.jpeg,9
a-85514.jpeg,a
2-78345.jpeg,2
y-56782.jpeg,y
c-40255.jpeg,c
u-73241.jpeg,u
n-49652.jpeg,n
s-39363.jpeg,s
c-71158.jpeg,c
4-16368.jpeg,4
k-51609.jpeg,k
y-74309.jpeg,y
0-70084.jpeg,0
5-44299.jpeg,5
2-92265.jpeg,2
0-38880.jpeg,0
l-66199.jpeg,l
z-77506.jpeg,z
u-63538.jpeg,u
w-76024.jpeg,w
1-4150.jpeg,1
k-65839.jpeg,k
l-6448.jpeg,l
v-1960.jpeg,v
0-60712.jpeg,0
j-49504.jpeg,j
g-68886.jpeg,g
j-36459.jpeg,j
i-51510.jpeg,i
h-63130.jpeg,h
m-7615.jpeg,m
d-44134.jpeg,d
z-93480.jpeg,z
h-40200.jpeg,h
i-2783.jpeg,i
o-6763.jpeg,o
i-9065.jpeg,i
5-63781.jpeg,5
j-13193.jpeg,j
i-12522.jpeg,i
m-10425.jpeg,m
w-24980.jpeg,w
d-51623.jpeg,d
y-80149.jpeg,y
7-43583.jpeg,7
6-72275.jpeg,6
k-717.jpeg,k
i-51005.jpeg,i
a-34348.jpeg,a
y-49359.jpeg,y
y-85598.jpeg,y
q-97212.jpeg,q
u-63095.jpeg,u
c-48848.jpeg,c
q-42308.jpeg,q
v-72977.jpeg,v
e-1941.jpeg,e
u-38497.jpeg,u
f-80658.jpeg,f
6-22742.jpeg,6
u-64300.jpeg,u
7-92659.jpeg,7
9-29173.jpeg,9
x-40583.jpeg,x
m-56183.jpeg,m
e-91713.jpeg,e
o-39685.jpeg,o
w-77232.jpeg,w
5-71495.jpeg,5
w-13489.jpeg,w
z-36948.jpeg,z
f-60119.jpeg,f
g-64958.jpeg,g
o-1675.jpeg,o
9-4811.jpeg,9
o-75057.jpeg,o
v-52587.jpeg,v
7-91560.jpeg,7
0-30264.jpeg,0
z-98720.jpeg,z
k-68030.jpeg,k
x-23687.jpeg,x
d-31188.jpeg,d
y-40617.jpeg,y
6-55110.jpeg,6
b-8767.jpeg,b
w-16808.jpeg,w
k-38291.jpeg,k
b-55547.jpeg,b
u-58279.jpeg,u
1-36527.jpeg,1
d-93269.jpeg,d
9-62834.jpeg,9
z-41025.jpeg,z
b-14661.jpeg,b
h-65764.jpeg,h
e-11203.jpeg,e
k-89619.jpeg,k
h-85160.jpeg,h
g-97966.jpeg,g
r-70889.jpeg,r
k-92540.jpeg,k
q-60280.jpeg,q
c-84773.jpeg,c
v-72127.jpeg,v
o-373.jpeg,o
y-38349.jpeg,y
q-87341.jpeg,q
o-96593.jpeg,o
3-19080.jpeg,3
g-9092.jpeg,g
b-315.jpeg,b
5-27467.jpeg,5
v-89641.jpeg,v
5-39183.jpeg,5
w-3003.jpeg,w
a-63397.jpeg,a
y-60219.jpeg,y
k-23520.jpeg,k
o-1008.jpeg,o
i-75848.jpeg,i
g-14877.jpeg,g
h-67077.jpeg,h
p-19099.jpeg,p
o-44874.jpeg,o
6-43569.jpeg,6
a-1544.jpeg,a
6-57253.jpeg,6
9-62160.jpeg,9
o-4123.jpeg,o
3-24316.jpeg,3
5-80584.jpeg,5
k-45963.jpeg,k
t-76292.jpeg,t
x-11522.jpeg,x
d-61542.jpeg,d
x-22612.jpeg,x
o-42488.jpeg,o
x-84898.jpeg,x
0-42198.jpeg,0
k-70093.jpeg,k
k-70569.jpeg,k
0-84704.jpeg,0
u-56861.jpeg,u
r-83618.jpeg,r
f-34841.jpeg,f
2-66766.jpeg,2
z-87103.jpeg,z
4-41661.jpeg,4
9-47469.jpeg,9
t-79665.jpeg,t
q-431.jpeg,q
z-63314.jpeg,z
2-4611.jpeg,2
g-11161.jpeg,g
o-63910.jpeg,o
a-43023.jpeg,a
u-93214.jpeg,u
9-55287.jpeg,9
9-52112.jpeg,9
h-49298.jpeg,h
z-16097.jpeg,z
e-90568.jpeg,e
1-75539.jpeg,1
6-57382.jpeg,6
n-41576.jpeg,n
o-76354.jpeg,o
b-68995.jpeg,b
s-78182.jpeg,s
g-75365.jpeg,g
c-83425.jpeg,c
z-94543.jpeg,z
0-91551.jpeg,0
6-53545.jpeg,6
s-13618.jpeg,s
o-58178.jpeg,o
c-64360.jpeg,c
t-18264.jpeg,t
9-71019.jpeg,9
i-91720.jpeg,i
i-47915.jpeg,i
u-4598.jpeg,u
n-86390.jpeg,n
3-41056.jpeg,3
o-92378.jpeg,o
s-99656.jpeg,s
7-91624.jpeg,7
z-16613.jpeg,z
s-43143.jpeg,s
7-32911.jpeg,7
o-5122.jpeg,o
d-9141.jpeg,d
9-7883.jpeg,9
q-80386.jpeg,q
5-65268.jpeg,5
4-74128.jpeg,4
e-95228.jpeg,e
w-60430.jpeg,w
o-21667.jpeg,o
p-6695.jpeg,p
n-37348.jpeg,n
9-17559.jpeg,9
z-61057.jpeg,z
h-43768.jpeg,h
q-58787.jpeg,q
q-47921.jpeg,q
w-15863.jpeg,w
4-47832.jpeg,4
9-23006.jpeg,9
n-93254.jpeg,n
4-4870.jpeg,4
9-19402.jpeg,9
f-21194.jpeg,f
b-17935.jpeg,b
e-63517.jpeg,e
u-3174.jpeg,u
m-91533.jpeg,m
w-62548.jpeg,w
i-76462.jpeg,i
1-26663.jpeg,1
t-11403.jpeg,t
z-92655.jpeg,z
7-14970.jpeg,7
x-91788.jpeg,x
x-31792.jpeg,x
1-6287.jpeg,1
4-62906.jpeg,4
2-48225.jpeg,2
y-84171.jpeg,y
x-55980.jpeg,x
f-54651.jpeg,f
q-28755.jpeg,q
m-98092.jpeg,m
7-66659.jpeg,7
t-79274.jpeg,t
u-88360.jpeg,u
i-90432.jpeg,i
s-37214.jpeg,s
o-62090.jpeg,o
0-35908.jpeg,0
4-29542.jpeg,4
d-83068.jpeg,d
y-66524.jpeg,y
5-46267.jpeg,5
x-66075.jpeg,x
i-42594.jpeg,i
l-10226.jpeg,l
1-73910.jpeg,1
e-29207.jpeg,e
w-44196.jpeg,w
s-35946.jpeg,s
k-18830.jpeg,k
8-95899.jpeg,8
p-61512.jpeg,p
u-64681.jpeg,u
w-70133.jpeg,w
f-51280.jpeg,f
a-18525.jpeg,a
l-25884.jpeg,l
p-39442.jpeg,p
g-45546.jpeg,g
s-90123.jpeg,s
s-43944.jpeg,s
o-79234.jpeg,o
r-37207.jpeg,r
t-23175.jpeg,t
j-99958.jpeg,j
p-25932.jpeg,p
o-47366.jpeg,o
f-45851.jpeg,f
g-63862.jpeg,g
0-29585.jpeg,0
m-32981.jpeg,m
w-15658.jpeg,w
a-35060.jpeg,a
b-7447.jpeg,b
i-52310.jpeg,i
5-83900.jpeg,5
f-36885.jpeg,f
r-7171.jpeg,r
4-62117.jpeg,4
9-29333.jpeg,9
y-40768.jpeg,y
o-27121.jpeg,o
p-28896.jpeg,p
s-67324.jpeg,s
3-80637.jpeg,3
q-69131.jpeg,q
b-23894.jpeg,b
s-59626.jpeg,s
e-17247.jpeg,e
y-29427.jpeg,y
g-70521.jpeg,g
i-51300.jpeg,i
5-18125.jpeg,5
0-50330.jpeg,0
1-21722.jpeg,1
p-59039.jpeg,p
m-33555.jpeg,m
f-43710.jpeg,f
r-13922.jpeg,r
z-89946.jpeg,z
t-88378.jpeg,t
r-61895.jpeg,r
u-377.jpeg,u
w-88422.jpeg,w
q-53617.jpeg,q
n-53690.jpeg,n
d-92625.jpeg,d
f-79466.jpeg,f
p-68850.jpeg,p
p-56001.jpeg,p
h-59905.jpeg,h
e-28763.jpeg,e
h-8161.jpeg,h
l-92192.jpeg,l
4-15471.jpeg,4
d-54810.jpeg,d
x-21371.jpeg,x
9-30549.jpeg,9
e-40378.jpeg,e
x-12692.jpeg,x
a-24800.jpeg,a
p-3824.jpeg,p
d-43005.jpeg,d
a-53878.jpeg,a
t-85663.jpeg,t
f-4232.jpeg,f
u-80560.jpeg,u
7-85441.jpeg,7
7-64907.jpeg,7
j-21303.jpeg,j
s-46167.jpeg,s
7-4496.jpeg,7
h-44726.jpeg,h
u-24647.jpeg,u
b-25273.jpeg,b
5-6118.jpeg,5
9-7522.jpeg,9
x-72601.jpeg,x
s-97340.jpeg,s
a-73719.jpeg,a
w-53434.jpeg,w
2-90443.jpeg,2
z-7991.jpeg,z
d-42993.jpeg,d
o-29533.jpeg,o
1-7921.jpeg,1
7-76202.jpeg,7
e-68829.jpeg,e
y-24926.jpeg,y
e-27838.jpeg,e
a-92219.jpeg,a
o-66522.jpeg,o
j-78157.jpeg,j
0-85299.jpeg,0
4-43495.jpeg,4
h-62881.jpeg,h
z-10109.jpeg,z
j-77888.jpeg,j
g-54167.jpeg,g
3-35920.jpeg,3
b-28787.jpeg,b
u-35390.jpeg,u
g-52119.jpeg,g
q-66762.jpeg,q
9-62444.jpeg,9
b-6965.jpeg,b
g-41220.jpeg,g
j-92132.jpeg,j
u-70333.jpeg,u
u-21296.jpeg,u
l-83042.jpeg,l
s-9894.jpeg,s
0-10088.jpeg,0
9-1675.jpeg,9
y-48538.jpeg,y
m-83143.jpeg,m
6-70384.jpeg,6
x-82910.jpeg,x
2-72779.jpeg,2
d-60118.jpeg,d
g-18873.jpeg,g
r-24031.jpeg,r
u-52487.jpeg,u
y-61839.jpeg,y
a-33812.jpeg,a
z-40582.jpeg,z
6-87300.jpeg,6
t-35454.jpeg,t
6-40677.jpeg,6
0-22383.jpeg,0
0-22229.jpeg,0
9-28211.jpeg,9
x-76592.jpeg,x
5-56780.jpeg,5
6-87479.jpeg,6
2-1336.jpeg,2
7-87128.jpeg,7
h-85956.jpeg,h
j-87263.jpeg,j
z-49465.jpeg,z
7-33937.jpeg,7
g-14780.jpeg,g
p-2262.jpeg,p
o-61834.jpeg,o
0-24892.jpeg,0
3-15895.jpeg,3
8-24626.jpeg,8
0-79447.jpeg,0
s-17579.jpeg,s
n-11334.jpeg,n
t-32057.jpeg,t
b-17343.jpeg,b
f-46626.jpeg,f
2-33721.jpeg,2
r-6638.jpeg,r
o-6247.jpeg,o
6-61192.jpeg,6
d-34712.jpeg,d
n-58025.jpeg,n
a-62149.jpeg,a
f-29794.jpeg,f
5-22615.jpeg,5
w-48669.jpeg,w
8-65941.jpeg,8
l-66239.jpeg,l
d-87962.jpeg,d
k-21078.jpeg,k
p-24778.jpeg,p
r-59940.jpeg,r
c-3002.jpeg,c
n-50679.jpeg,n
b-61253.jpeg,b
i-90751.jpeg,i
l-11187.jpeg,l
e-74261.jpeg,e
n-9546.jpeg,n
m-44530.jpeg,m
8-60493.jpeg,8
v-6390.jpeg,v
a-73888.jpeg,a
i-79231.jpeg,i
s-52132.jpeg,s
1-83348.jpeg,1
5-72637.jpeg,5
z-78695.jpeg,z
8-80278.jpeg,8
0-3084.jpeg,0
t-5664.jpeg,t
3-77704.jpeg,3
j-2071.jpeg,j
j-20154.jpeg,j
r-53065.jpeg,r
6-22837.jpeg,6
a-13837.jpeg,a
b-23688.jpeg,b
q-31050.jpeg,q
d-91064.jpeg,d
g-18019.jpeg,g
g-80085.jpeg,g
g-46249.jpeg,g
4-78086.jpeg,4
v-85669.jpeg,v
z-54447.jpeg,z
j-13589.jpeg,j
s-99671.jpeg,s
c-90916.jpeg,c
j-70048.jpeg,j
n-4533.jpeg,n
u-2938.jpeg,u
3-16846.jpeg,3
4-46992.jpeg,4
z-7417.jpeg,z
4-48125.jpeg,4
m-77944.jpeg,m
w-48757.jpeg,w
g-75196.jpeg,g
i-32561.jpeg,i
r-84007.jpeg,r
e-31190.jpeg,e
j-57291.jpeg,j
g-84183.jpeg,g
a-24181.jpeg,a
j-56253.jpeg,j
x-66802.jpeg,x
d-20950.jpeg,d
w-95504.jpeg,w
8-30219.jpeg,8
r-86606.jpeg,r
x-39956.jpeg,x
q-27307.jpeg,q
q-66308.jpeg,q
x-31035.jpeg,x
p-77336.jpeg,p
4-76866.jpeg,4
4-13435.jpeg,4
w-42618.jpeg,w
x-70344.jpeg,x
l-77054.jpeg,l
k-18339.jpeg,k
4-41646.jpeg,4
v-37619.jpeg,v
z-17422.jpeg,z
q-22294.jpeg,q
h-7241.jpeg,h
j-9538.jpeg,j
5-3377.jpeg,5
2-51961.jpeg,2
l-71495.jpeg,l
o-72019.jpeg,o
k-16798.jpeg,k
t-16820.jpeg,t
x-24775.jpeg,x
s-85039.jpeg,s
z-64225.jpeg,z
8-19965.jpeg,8
o-1668.jpeg,o
2-60553.jpeg,2
x-29901.jpeg,x
a-75136.jpeg,a
b-93016.jpeg,b
w-59687.jpeg,w
j-96059.jpeg,j
0-33005.jpeg,0
8-11339.jpeg,8
o-91532.jpeg,o
y-23261.jpeg,y
u-24779.jpeg,u
1-84321.jpeg,1
y-60316.jpeg,y
7-26871.jpeg,7
u-75633.jpeg,u
m-50375.jpeg,m
c-88521.jpeg,c
m-85795.jpeg,m
u-10363.jpeg,u
g-54720.jpeg,g
p-73676.jpeg,p
b-48942.jpeg,b
g-89820.jpeg,g
b-66810.jpeg,b
h-28305.jpeg,h
0-97230.jpeg,0
n-21645.jpeg,n
w-74803.jpeg,w
c-74886.jpeg,c
1-69878.jpeg,1
j-20494.jpeg,j
5-25386.jpeg,5
b-1672.jpeg,b
e-96198.jpeg,e
3-92787.jpeg,3
c-6390.jpeg,c
m-92396.jpeg,m
6-51772.jpeg,6
v-10205.jpeg,v
y-12245.jpeg,y
0-42795.jpeg,0
a-19651.jpeg,a
8-75886.jpeg,8
g-71086.jpeg,g
v-9771.jpeg,v
n-60922.jpeg,n
6-16884.jpeg,6
i-89264.jpeg,i
k-29976.jpeg,k
k-93462.jpeg,k
9-41888.jpeg,9
1-437.jpeg,1
1-34679.jpeg,1
r-7414.jpeg,r
t-55783.jpeg,t
y-32098.jpeg,y
k-50443.jpeg,k
n-43604.jpeg,n
z-97020.jpeg,z
7-46677.jpeg,7
o-63649.jpeg,o
h-68235.jpeg,h
n-76819.jpeg,n
a-23081.jpeg,a
k-99983.jpeg,k
u-77209.jpeg,u
g-71593.jpeg,g
o-31343.jpeg,o
2-23465.jpeg,2
p-60774.jpeg,p
6-86317.jpeg,6
c-71780.jpeg,c
x-87552.jpeg,x
i-21971.jpeg,i
c-81887.jpeg,c
l-74510.jpeg,l
8-37876.jpeg,8
i-34765.jpeg,i
x-58803.jpeg,x
q-57013.jpeg,q
0-47939.jpeg,0
o-82430.jpeg,o
5-69850.jpeg,5
p-99214.jpeg,p
q-67082.jpeg,q
r-26387.jpeg,r
y-76827.jpeg,y
i-91859.jpeg,i
j-46727.jpeg,j
v-91831.jpeg,v
n-10587.jpeg,n
e-15768.jpeg,e
0-85692.jpeg,0
n-38151.jpeg,n
y-18238.jpeg,y
q-95711.jpeg,q
i-87574.jpeg,i
q-78727.jpeg,q
l-57712.jpeg,l
g-7770.jpeg,g
8-28218.jpeg,8
2-10688.jpeg,2
i-46991.jpeg,i
g-11465.jpeg,g
v-91974.jpeg,v
4-17786.jpeg,4
o-47731.jpeg,o
b-62259.jpeg,b
t-84357.jpeg,t
c-390.jpeg,c
t-53270.jpeg,t
c-33357.jpeg,c
b-65436.jpeg,b
t-69361.jpeg,t
2-88497.jpeg,2
u-26271.jpeg,u
j-50165.jpeg,j
l-26082.jpeg,l
f-13670.jpeg,f
d-18237.jpeg,d
x-42346.jpeg,x
b-65820.jpeg,b
2-56284.jpeg,2
5-8448.jpeg,5
g-4760.jpeg,g
9-83373.jpeg,9
k-2535.jpeg,k
t-89420.jpeg,t
h-22114.jpeg,h
y-8369.jpeg,y
c-50696.jpeg,c
r-58648.jpeg,r
i-94421.jpeg,i
j-61053.jpeg,j
b-31050.jpeg,b
j-8574.jpeg,j
5-53961.jpeg,5
y-89528.jpeg,y
c-38720.jpeg,c
a-2990.jpeg,a
n-25221.jpeg,n
i-38789.jpeg,i
6-66499.jpeg,6
5-52366.jpeg,5
3-56917.jpeg,3
3-64866.jpeg,3
o-20821.jpeg,o
s-83925.jpeg,s
s-87435.jpeg,s
y-34245.jpeg,y
a-82350.jpeg,a
f-35715.jpeg,f
z-28615.jpeg,z
p-6811.jpeg,p
k-96705.jpeg,k
1-97595.jpeg,1
k-31873.jpeg,k
b-27242.jpeg,b
0-35149.jpeg,0
l-63975.jpeg,l
e-76991.jpeg,e
1-48597.jpeg,1
z-72543.jpeg,z
8-8556.jpeg,8
a-81069.jpeg,a
8-45513.jpeg,8
t-27023.jpeg,t
j-55625.jpeg,j
b-89303.jpeg,b
x-23317.jpeg,x
f-64130.jpeg,f
9-78053.jpeg,9
f-44586.jpeg,f
e-2311.jpeg,e
u-64385.jpeg,u
z-4831.jpeg,z
z-59193.jpeg,z
z-25318.jpeg,z
9-62848.jpeg,9
a-88198.jpeg,a
u-82140.jpeg,u
i-38265.jpeg,i
z-61816.jpeg,z
c-79105.jpeg,c
l-20547.jpeg,l
j-58847.jpeg,j
1-37599.jpeg,1
k-61282.jpeg,k
c-75825.jpeg,c
f-23287.jpeg,f
m-69429.jpeg,m
c-28809.jpeg,c
5-82341.jpeg,5
8-96877.jpeg,8
p-46559.jpeg,p
n-70914.jpeg,n
w-72373.jpeg,w
7-90462.jpeg,7
9-19393.jpeg,9
l-8742.jpeg,l
j-81991.jpeg,j
k-81890.jpeg,k
7-54739.jpeg,7
b-99315.jpeg,b
x-98804.jpeg,x
8-93663.jpeg,8
9-74709.jpeg,9
z-5631.jpeg,z
5-53189.jpeg,5
o-71880.jpeg,o
5-26573.jpeg,5
c-66161.jpeg,c
l-14223.jpeg,l
0-39202.jpeg,0
b-38725.jpeg,b
0-67052.jpeg,0
p-80541.jpeg,p
r-8503.jpeg,r
m-70126.jpeg,m
1-90092.jpeg,1
f-33403.jpeg,f
v-99001.jpeg,v
s-22396.jpeg,s
5-72841.jpeg,5
9-12834.jpeg,9
5-34688.jpeg,5
3-48698.jpeg,3
k-50971.jpeg,k
d-78123.jpeg,d
1-4356.jpeg,1
y-41492.jpeg,y
g-50240.jpeg,g
v-86931.jpeg,v
f-98890.jpeg,f
h-69853.jpeg,h
0-4872.jpeg,0
j-96517.jpeg,j
q-73413.jpeg,q
7-74966.jpeg,7
x-90327.jpeg,x
s-94673.jpeg,s
a-97611.jpeg,a
c-65389.jpeg,c
d-36888.jpeg,d
0-41818.jpeg,0
r-68505.jpeg,r
9-34212.jpeg,9
c-64824.jpeg,c
9-17572.jpeg,9
b-10367.jpeg,b
1-14113.jpeg,1
j-14169.jpeg,j
k-41024.jpeg,k
a-20571.jpeg,a
k-59947.jpeg,k
x-36085.jpeg,x
6-12424.jpeg,6
7-4361.jpeg,7
d-30233.jpeg,d
u-29106.jpeg,u
o-32719.jpeg,o
4-64800.jpeg,4
j-91114.jpeg,j
1-71290.jpeg,1
v-84074.jpeg,v
r-97762.jpeg,r
e-83857.jpeg,e
s-57828.jpeg,s
9-7902.jpeg,9
9-6610.jpeg,9
y-92562.jpeg,y
b-28924.jpeg,b
h-51142.jpeg,h
d-49255.jpeg,d
q-55258.jpeg,q
u-25060.jpeg,u
g-89617.jpeg,g
r-59872.jpeg,r
x-25646.jpeg,x
9-88047.jpeg,9
j-86110.jpeg,j
n-11343.jpeg,n
d-73893.jpeg,d
d-77079.jpeg,d
w-27128.jpeg,w
r-33150.jpeg,r
d-61457.jpeg,d
t-32923.jpeg,t
y-23447.jpeg,y
7-99842.jpeg,7
t-69834.jpeg,t
o-52335.jpeg,o
g-97062.jpeg,g
e-3081.jpeg,e
g-79228.jpeg,g
p-54773.jpeg,p
u-45159.jpeg,u
i-38072.jpeg,i
x-73837.jpeg,x
s-51102.jpeg,s
5-47735.jpeg,5
m-51968.jpeg,m
h-73571.jpeg,h
k-4121.jpeg,k
f-73548.jpeg,f
i-79092.jpeg,i
2-32813.jpeg,2
d-24362.jpeg,d
k-11401.jpeg,k
t-35136.jpeg,t
n-49244.jpeg,n
s-51417.jpeg,s
c-47186.jpeg,c
3-95664.jpeg,3
i-35355.jpeg,i
k-15012.jpeg,k
d-55671.jpeg,d
x-4157.jpeg,x
3-95234.jpeg,3
6-37547.jpeg,6
j-80528.jpeg,j
w-98681.jpeg,w
9-75319.jpeg,9
w-25103.jpeg,w
x-46000.jpeg,x
1-13382.jpeg,1
0-61503.jpeg,0
j-10868.jpeg,j
e-10815.jpeg,e
h-27910.jpeg,h
2-40055.jpeg,2
k-86841.jpeg,k
q-58217.jpeg,q
c-36196.jpeg,c
w-94134.jpeg,w
c-43096.jpeg,c
l-65073.jpeg,l
2-7450.jpeg,2
r-26082.jpeg,r
5-88664.jpeg,5
8-79954.jpeg,8
1-62557.jpeg,1
0-50177.jpeg,0
9-13209.jpeg,9
o-91494.jpeg,o
0-39054.jpeg,0
7-12071.jpeg,7
v-9395.jpeg,v
t-87804.jpeg,t
w-28048.jpeg,w
r-49560.jpeg,r
f-79153.jpeg,f
i-42803.jpeg,i
t-57862.jpeg,t
c-43757.jpeg,c
2-74418.jpeg,2
d-19324.jpeg,d
3-28324.jpeg,3
f-38222.jpeg,f
4-18058.jpeg,4
o-93368.jpeg,o
5-10093.jpeg,5
w-40054.jpeg,w
d-49490.jpeg,d
5-90829.jpeg,5
h-48549.jpeg,h
8-42079.jpeg,8
o-73079.jpeg,o
4-6036.jpeg,4
x-36640.jpeg,x
s-22744.jpeg,s
5-46535.jpeg,5
g-95337.jpeg,g
y-19281.jpeg,y
0-90238.jpeg,0
5-1612.jpeg,5
4-16380.jpeg,4
3-3726.jpeg,3
5-69626.jpeg,5
0-77603.jpeg,0
5-42599.jpeg,5
0-76507.jpeg,0
k-29995.jpeg,k
l-7176.jpeg,l
8-61061.jpeg,8
k-72929.jpeg,k
o-28753.jpeg,o
n-48803.jpeg,n
y-43569.jpeg,y
r-39321.jpeg,r
k-98673.jpeg,k
s-57583.jpeg,s
g-94032.jpeg,g
f-50792.jpeg,f
0-93803.jpeg,0
t-48446.jpeg,t
b-95618.jpeg,b
1-71638.jpeg,1
a-45523.jpeg,a
y-91420.jpeg,y
q-27609.jpeg,q
y-95463.jpeg,y
6-40586.jpeg,6
i-60836.jpeg,i
n-45948.jpeg,n
m-8732.jpeg,m
k-7034.jpeg,k
r-56155.jpeg,r
0-98170.jpeg,0
a-61569.jpeg,a
1-36976.jpeg,1
l-49799.jpeg,l
f-72876.jpeg,f
m-13872.jpeg,m
8-73725.jpeg,8
3-34097.jpeg,3
h-1731.jpeg,h
6-25347.jpeg,6
i-49576.jpeg,i
w-47401.jpeg,w
y-97235.jpeg,y
f-94888.jpeg,f
1-2256.jpeg,1
b-38572.jpeg,b
x-21350.jpeg,x
z-34359.jpeg,z
t-11887.jpeg,t
p-8176.jpeg,p
v-42647.jpeg,v
o-76041.jpeg,o
1-97445.jpeg,1
l-34568.jpeg,l
o-88122.jpeg,o
m-78487.jpeg,m
y-64421.jpeg,y
r-37104.jpeg,r
b-89545.jpeg,b
o-12029.jpeg,o
b-4884.jpeg,b
z-54667.jpeg,z
7-57315.jpeg,7
c-64864.jpeg,c
u-70200.jpeg,u
i-19942.jpeg,i
4-37608.jpeg,4
u-84017.jpeg,u
r-37041.jpeg,r
q-44235.jpeg,q
o-73185.jpeg,o
y-54582.jpeg,y
w-78704.jpeg,w
9-95766.jpeg,9
v-78255.jpeg,v
i-5406.jpeg,i
j-21508.jpeg,j
0-45698.jpeg,0
g-80525.jpeg,g
c-93233.jpeg,c
l-46354.jpeg,l
6-73161.jpeg,6
5-38393.jpeg,5
l-99356.jpeg,l
9-468.jpeg,9
5-53632.jpeg,5
w-14560.jpeg,w
5-79373.jpeg,5
j-73794.jpeg,j
9-51578.jpeg,9
k-94884.jpeg,k
g-67372.jpeg,g
w-64818.jpeg,w
w-72866.jpeg,w
0-64653.jpeg,0
r-6530.jpeg,r
o-71511.jpeg,o
r-75361.jpeg,r
x-90371.jpeg,x
l-76977.jpeg,l
i-37040.jpeg,i
v-97177.jpeg,v
0-65557.jpeg,0
2-21551.jpeg,2
j-93606.jpeg,j
7-68505.jpeg,7
1-78264.jpeg,1
g-15276.jpeg,g
u-24365.jpeg,u
v-91277.jpeg,v
l-74622.jpeg,l
y-90948.jpeg,y
g-6361.jpeg,g
a-31418.jpeg,a
w-54796.jpeg,w
p-33531.jpeg,p
q-81944.jpeg,q
x-66360.jpeg,x
c-54343.jpeg,c
h-98095.jpeg,h
w-84031.jpeg,w
8-14198.jpeg,8
v-20169.jpeg,v
k-16392.jpeg,k
4-15807.jpeg,4
9-57551.jpeg,9
q-41563.jpeg,q
i-30382.jpeg,i
9-69680.jpeg,9
o-18465.jpeg,o
q-25622.jpeg,q
o-71815.jpeg,o
f-12324.jpeg,f
s-50179.jpeg,s
o-61546.jpeg,o
u-24109.jpeg,u
s-52001.jpeg,s
w-8999.jpeg,w
y-10234.jpeg,y
e-73881.jpeg,e
4-26058.jpeg,4
v-67374.jpeg,v
d-61114.jpeg,d
6-32210.jpeg,6
d-46637.jpeg,d
c-31869.jpeg,c
d-57026.jpeg,d
h-61633.jpeg,h
h-86208.jpeg,h
c-63749.jpeg,c
7-9895.jpeg,7
n-67291.jpeg,n
r-35380.jpeg,r
e-11550.jpeg,e
k-6424.jpeg,k
u-72591.jpeg,u
e-59791.jpeg,e
4-29505.jpeg,4
2-68791.jpeg,2
t-38396.jpeg,t
r-91766.jpeg,r
1-82692.jpeg,1
4-2760.jpeg,4
b-84121.jpeg,b
i-11762.jpeg,i
d-72939.jpeg,d
m-28866.jpeg,m
5-39404.jpeg,5
g-46116.jpeg,g
l-96349.jpeg,l
9-37917.jpeg,9
o-38417.jpeg,o
l-85565.jpeg,l
l-91176.jpeg,l
q-53899.jpeg,q
t-63844.jpeg,t
l-24694.jpeg,l
f-60963.jpeg,f
l-14737.jpeg,l
v-60976.jpeg,v
w-70524.jpeg,w
p-27335.jpeg,p
r-29120.jpeg,r
a-46732.jpeg,a
f-53350.jpeg,f
v-41378.jpeg,v
q-23627.jpeg,q
x-50415.jpeg,x
z-8147.jpeg,z
p-16468.jpeg,p
c-58527.jpeg,c
5-16255.jpeg,5
v-24805.jpeg,v
3-52739.jpeg,3
v-87360.jpeg,v
e-58991.jpeg,e
e-47367.jpeg,e
9-17699.jpeg,9
5-68149.jpeg,5
7-61499.jpeg,7
g-83667.jpeg,g
z-20232.jpeg,z
n-10601.jpeg,n
k-25431.jpeg,k
x-81327.jpeg,x
4-96717.jpeg,4
l-8743.jpeg,l
9-9032.jpeg,9
e-60501.jpeg,e
m-83764.jpeg,m
r-42205.jpeg,r
s-88411.jpeg,s
f-58727.jpeg,f
y-26900.jpeg,y
f-14233.jpeg,f
4-49083.jpeg,4
x-97420.jpeg,x
g-33411.jpeg,g
9-55686.jpeg,9
p-23634.jpeg,p
h-17133.jpeg,h
k-73894.jpeg,k
j-38494.jpeg,j
s-34644.jpeg,s
z-57026.jpeg,z
m-15973.jpeg,m
3-23103.jpeg,3
s-40155.jpeg,s
a-52049.jpeg,a
w-54313.jpeg,w
h-70624.jpeg,h
6-30581.jpeg,6
2-30141.jpeg,2
m-42294.jpeg,m
j-97444.jpeg,j
t-33827.jpeg,t
d-42588.jpeg,d
4-92257.jpeg,4
i-74336.jpeg,i
f-864.jpeg,f
s-33251.jpeg,s
t-86629.jpeg,t
6-99755.jpeg,6
b-41580.jpeg,b
w-20117.jpeg,w
p-35575.jpeg,p
y-18517.jpeg,y
k-22248.jpeg,k
y-95623.jpeg,y
2-51147.jpeg,2
4-87110.jpeg,4
i-87522.jpeg,i
l-81567.jpeg,l
c-86725.jpeg,c
8-92209.jpeg,8
i-98792.jpeg,i
e-65083.jpeg,e
d-17747.jpeg,d
q-18166.jpeg,q
q-91211.jpeg,q
5-32435.jpeg,5
q-6508.jpeg,q
j-49938.jpeg,j
h-31152.jpeg,h
g-43640.jpeg,g
0-97568.jpeg,0
t-27833.jpeg,t
d-48078.jpeg,d
l-67825.jpeg,l
u-88274.jpeg,u
w-86061.jpeg,w
l-70749.jpeg,l
g-59426.jpeg,g
u-36765.jpeg,u
u-74516.jpeg,u
4-13951.jpeg,4
u-73683.jpeg,u
3-1761.jpeg,3
t-9430.jpeg,t
q-24232.jpeg,q
5-48551.jpeg,5
j-93796.jpeg,j
m-63658.jpeg,m
2-95162.jpeg,2
g-8892.jpeg,g
g-7634.jpeg,g
d-30199.jpeg,d
3-10788.jpeg,3
g-60527.jpeg,g
7-89896.jpeg,7
z-72283.jpeg,z
p-26861.jpeg,p
q-17319.jpeg,q
t-16860.jpeg,t
8-15843.jpeg,8
c-84387.jpeg,c
m-27834.jpeg,m
8-60040.jpeg,8
w-82686.jpeg,w
0-86027.jpeg,0
5-94888.jpeg,5
p-63509.jpeg,p
2-22625.jpeg,2
b-5688.jpeg,b
7-76106.jpeg,7
8-43665.jpeg,8
g-29883.jpeg,g
d-48263.jpeg,d
f-3562.jpeg,f
v-68832.jpeg,v
k-7038.jpeg,k
r-45775.jpeg,r
r-73094.jpeg,r
b-94140.jpeg,b
1-83518.jpeg,1
g-7090.jpeg,g
l-26918.jpeg,l
6-91715.jpeg,6
p-33878.jpeg,p
6-3677.jpeg,6
e-33856.jpeg,e
1-10262.jpeg,1
c-47125.jpeg,c
t-46141.jpeg,t
y-47176.jpeg,y
g-20964.jpeg,g
e-80626.jpeg,e
s-66728.jpeg,s
q-56896.jpeg,q
y-18472.jpeg,y
m-65313.jpeg,m
q-19700.jpeg,q
f-79627.jpeg,f
n-6237.jpeg,n
c-132.jpeg,c
r-50035.jpeg,r
t-54717.jpeg,t
2-22388.jpeg,2
i-82612.jpeg,i
d-21602.jpeg,d
v-81955.jpeg,v
1-76775.jpeg,1
x-24298.jpeg,x
j-32851.jpeg,j
z-38819.jpeg,z
3-86680.jpeg,3
d-96562.jpeg,d
1-63961.jpeg,1
3-69664.jpeg,3
b-83451.jpeg,b
v-88762.jpeg,v
1-84459.jpeg,1
a-64360.jpeg,a
e-83231.jpeg,e
4-87167.jpeg,4
r-95713.jpeg,r
s-36927.jpeg,s
e-26300.jpeg,e
8-14993.jpeg,8
2-63942.jpeg,2
l-62611.jpeg,l
0-6194.jpeg,0
w-65593.jpeg,w
b-12480.jpeg,b
1-9103.jpeg,1
2-61990.jpeg,2
2-7148.jpeg,2
j-8294.jpeg,j
v-59007.jpeg,v
d-40891.jpeg,d
h-77196.jpeg,h
j-50781.jpeg,j
o-12199.jpeg,o
2-53727.jpeg,2
g-69730.jpeg,g
z-91337.jpeg,z
t-29661.jpeg,t
j-13619.jpeg,j
7-54870.jpeg,7
c-93053.jpeg,c
y-15128.jpeg,y
n-78797.jpeg,n
1-1749.jpeg,1
i-12247.jpeg,i
o-79438.jpeg,o
d-31751.jpeg,d
d-57587.jpeg,d
z-18105.jpeg,z
2-242.jpeg,2
w-5759.jpeg,w
x-17782.jpeg,x
s-53831.jpeg,s
z-63762.jpeg,z
q-92260.jpeg,q
9-58240.jpeg,9
2-83203.jpeg,2
3-35366.jpeg,3
h-38484.jpeg,h
v-10992.jpeg,v
p-50551.jpeg,p
1-95032.jpeg,1
d-24695.jpeg,d
t-27805.jpeg,t
6-15354.jpeg,6
0-97620.jpeg,0
f-44548.jpeg,f
p-81326.jpeg,p
a-41080.jpeg,a
1-36080.jpeg,1
o-18193.jpeg,o
6-59247.jpeg,6
q-65030.jpeg,q
t-69881.jpeg,t
z-69912.jpeg,z
1-22186.jpeg,1
w-49281.jpeg,w
e-22928.jpeg,e
l-48891.jpeg,l
z-96919.jpeg,z
y-64600.jpeg,y
2-59111.jpeg,2
6-20108.jpeg,6
f-69959.jpeg,f
8-45877.jpeg,8
c-52761.jpeg,c
u-91872.jpeg,u
r-12084.jpeg,r
b-82597.jpeg,b
h-73194.jpeg,h
y-46634.jpeg,y
h-46370.jpeg,h
o-64461.jpeg,o
a-89481.jpeg,a
k-42890.jpeg,k
r-47162.jpeg,r
r-50849.jpeg,r
r-47375.jpeg,r
y-74801.jpeg,y
e-15323.jpeg,e
s-47624.jpeg,s
6-91902.jpeg,6
8-64081.jpeg,8
g-44824.jpeg,g
5-39721.jpeg,5
m-94783.jpeg,m
k-83662.jpeg,k
v-87442.jpeg,v
l-28654.jpeg,l
d-56705.jpeg,d
b-85100.jpeg,b
x-35149.jpeg,x
d-47817.jpeg,d
3-30774.jpeg,3
j-92871.jpeg,j
o-53339.jpeg,o
u-40116.jpeg,u
5-90776.jpeg,5
2-98875.jpeg,2
b-24422.jpeg,b
d-13899.jpeg,d
g-22934.jpeg,g
l-84114.jpeg,l
0-5628.jpeg,0
z-74434.jpeg,z
l-90442.jpeg,l
1-56896.jpeg,1
q-60926.jpeg,q
3-1281.jpeg,3
l-52337.jpeg,l
c-74278.jpeg,c
k-61237.jpeg,k
6-1277.jpeg,6
7-99249.jpeg,7
c-17582.jpeg,c
n-22140.jpeg,n
y-54449.jpeg,y
a-93366.jpeg,a
f-24723.jpeg,f
n-52242.jpeg,n
n-34094.jpeg,n
i-77296.jpeg,i
t-43050.jpeg,t
d-60230.jpeg,d
o-45890.jpeg,o
p-79094.jpeg,p
e-74372.jpeg,e
s-32266.jpeg,s
p-94108.jpeg,p
n-53845.jpeg,n
z-49034.jpeg,z
r-40058.jpeg,r
q-73062.jpeg,q
j-82826.jpeg,j
a-30045.jpeg,a
e-30485.jpeg,e
2-48813.jpeg,2
x-30465.jpeg,x
r-63942.jpeg,r
a-78142.jpeg,a
6-25776.jpeg,6
0-1329.jpeg,0
2-15700.jpeg,2
x-82157.jpeg,x
g-76328.jpeg,g
b-12052.jpeg,b
8-95610.jpeg,8
k-27050.jpeg,k
x-92507.jpeg,x
p-91609.jpeg,p
m-77640.jpeg,m
i-63693.jpeg,i
3-91978.jpeg,3
c-22770.jpeg,c
f-12257.jpeg,f
4-64708.jpeg,4
1-78340.jpeg,1
x-56975.jpeg,x
6-15010.jpeg,6
p-8228.jpeg,p
i-90204.jpeg,i
p-12036.jpeg,p
a-73061.jpeg,a
o-84875.jpeg,o
b-38293.jpeg,b
z-63830.jpeg,z
4-49076.jpeg,4
l-3400.jpeg,l
a-40428.jpeg,a
s-75981.jpeg,s
w-26923.jpeg,w
7-24135.jpeg,7
m-86593.jpeg,m
7-72305.jpeg,7
7-59540.jpeg,7
7-21272.jpeg,7
g-81705.jpeg,g
v-39391.jpeg,v
l-33665.jpeg,l
7-63902.jpeg,7
c-49117.jpeg,c
4-61336.jpeg,4
f-33789.jpeg,f
8-44421.jpeg,8
1-56300.jpeg,1
n-10973.jpeg,n
v-9588.jpeg,v
n-32101.jpeg,n
g-82257.jpeg,g
3-12306.jpeg,3
t-22851.jpeg,t
n-32551.jpeg,n
e-49508.jpeg,e
g-14685.jpeg,g
j-12527.jpeg,j
5-24943.jpeg,5
d-69953.jpeg,d
f-97011.jpeg,f
t-17359.jpeg,t
u-91370.jpeg,u
4-34141.jpeg,4
k-39263.jpeg,k
b-46422.jpeg,b
9-73346.jpeg,9
9-55624.jpeg,9
2-87446.jpeg,2
x-80347.jpeg,x
u-35283.jpeg,u
i-40848.jpeg,i
z-71620.jpeg,z
n-49789.jpeg,n
8-42263.jpeg,8
5-43254.jpeg,5
3-26065.jpeg,3
b-61478.jpeg,b
q-25993.jpeg,q
w-67428.jpeg,w
q-37107.jpeg,q
7-80091.jpeg,7
w-99232.jpeg,w
z-72149.jpeg,z
5-40497.jpeg,5
w-77097.jpeg,w
x-11396.jpeg,x
6-92.jpeg,6
